RSSI-Org;Robot X [m];Robot Y [m];Robot Z [m];Robot Rot Z [deg];Reading Number;;;phi;RSSI
-5565;1.2;0;0;90;1;;;0;-55.65
-5593;1.2;0;0;90;1;;;0;-55.93
-5584;1.2;0;0;90;1;;;0;-55.84
-5565;1.2;0;0;90;1;;;0;-55.65
-5574;1.2;0;0;90;1;;;0;-55.74
-5574;1.2;0;0;90;1;;;0;-55.74
-5551;1.2;0;0;95;1;;;5;-55.51
-5551;1.2;0;0;95;1;;;5;-55.51
-5570;1.2;0;0;95;1;;;5;-55.7
-5560;1.2;0;0;95;1;;;5;-55.6
-5551;1.2;0;0;95;1;;;5;-55.51
-5560;1.2;0;0;95;1;;;5;-55.6
-5579;1.2;0;0;95;1;;;5;-55.79
-5541;1.2;0;0;100;1;;;10;-55.41
-5541;1.2;0;0;100;1;;;10;-55.41
-5551;1.2;0;0;100;1;;;10;-55.51
-5532;1.2;0;0;100;1;;;10;-55.32
-5560;1.2;0;0;100;1;;;10;-55.6
-5551;1.2;0;0;100;1;;;10;-55.51
-5621;1.2;0;0;105;1;;;15;-56.21
-5602;1.2;0;0;105;1;;;15;-56.02
-5602;1.2;0;0;105;1;;;15;-56.02
-5612;1.2;0;0;105;1;;;15;-56.12
-5612;1.2;0;0;105;1;;;15;-56.12
-5602;1.2;0;0;105;1;;;15;-56.02
-5645;1.2;0;0;110;1;;;20;-56.45
-5664;1.2;0;0;110;1;;;20;-56.64
-5645;1.2;0;0;110;1;;;20;-56.45
-5635;1.2;0;0;110;1;;;20;-56.35
-5654;1.2;0;0;110;1;;;20;-56.54
-5654;1.2;0;0;110;1;;;20;-56.54
-5814;1.2;0;0;115;1;;;25;-58.14
-5805;1.2;0;0;115;1;;;25;-58.05
-5823;1.2;0;0;115;1;;;25;-58.23
-5823;1.2;0;0;115;1;;;25;-58.23
-5805;1.2;0;0;115;1;;;25;-58.05
-5823;1.2;0;0;115;1;;;25;-58.23
-5819;1.2;0;0;120;1;;;30;-58.19
-5847;1.2;0;0;120;1;;;30;-58.47
-5866;1.2;0;0;120;1;;;30;-58.66
-5828;1.2;0;0;120;1;;;30;-58.28
-5856;1.2;0;0;120;1;;;30;-58.56
-5847;1.2;0;0;120;1;;;30;-58.47
-5847;1.2;0;0;120;1;;;30;-58.47
-5978;1.2;0;0;125;1;;;35;-59.78
-5988;1.2;0;0;125;1;;;35;-59.88
-5960;1.2;0;0;125;1;;;35;-59.6
-5969;1.2;0;0;125;1;;;35;-59.69
-5969;1.2;0;0;125;1;;;35;-59.69
-5969;1.2;0;0;125;1;;;35;-59.69
-5988;1.2;0;0;125;1;;;35;-59.88
-6101;1.2;0;0;130;1;;;40;-61.01
-6072;1.2;0;0;130;1;;;40;-60.72
-6129;1.2;0;0;130;1;;;40;-61.29
-6119;1.2;0;0;130;1;;;40;-61.19
-6119;1.2;0;0;130;1;;;40;-61.19
-6101;1.2;0;0;130;1;;;40;-61.01
-6322;1.2;0;0;135;1;;;45;-63.22
-6312;1.2;0;0;135;1;;;45;-63.12
-6303;1.2;0;0;135;1;;;45;-63.03
-6322;1.2;0;0;135;1;;;45;-63.22
-6350;1.2;0;0;135;1;;;45;-63.5
-6350;1.2;0;0;135;1;;;45;-63.5
-6477;1.2;0;0;140;1;;;50;-64.77
-6524;1.2;0;0;140;1;;;50;-65.24
-6514;1.2;0;0;140;1;;;50;-65.14
-6533;1.2;0;0;140;1;;;50;-65.33
-6552;1.2;0;0;140;1;;;50;-65.52
-6561;1.2;0;0;140;1;;;50;-65.61
-6665;1.2;0;0;145;1;;;55;-66.65
-6702;1.2;0;0;145;1;;;55;-67.02
-6674;1.2;0;0;145;1;;;55;-66.74
-6674;1.2;0;0;145;1;;;55;-66.74
-6655;1.2;0;0;145;1;;;55;-66.55
-6636;1.2;0;0;145;1;;;55;-66.36
-6693;1.2;0;0;145;1;;;55;-66.93
-6918;1.2;0;0;150;1;;;60;-69.18
-6881;1.2;0;0;150;1;;;60;-68.81
-6881;1.2;0;0;150;1;;;60;-68.81
-6881;1.2;0;0;150;1;;;60;-68.81
-6890;1.2;0;0;150;1;;;60;-68.9
-6871;1.2;0;0;150;1;;;60;-68.71
-6890;1.2;0;0;150;1;;;60;-68.9
-7182;1.2;0;0;155;1;;;65;-71.82
-7219;1.2;0;0;155;1;;;65;-72.19
-7238;1.2;0;0;155;1;;;65;-72.38
-7210;1.2;0;0;155;1;;;65;-72.1
-7229;1.2;0;0;155;1;;;65;-72.29
-7219;1.2;0;0;155;1;;;65;-72.19
-7313;1.2;0;0;155;1;;;65;-73.13
-7468;1.2;0;0;160;1;;;70;-74.68
-7403;1.2;0;0;160;1;;;70;-74.03
-7421;1.2;0;0;160;1;;;70;-74.21
-7478;1.2;0;0;160;1;;;70;-74.78
-7440;1.2;0;0;160;1;;;70;-74.4
-7478;1.2;0;0;160;1;;;70;-74.78
-7760;1.2;0;0;165;1;;;75;-77.6
-7779;1.2;0;0;165;1;;;75;-77.79
-7703;1.2;0;0;165;1;;;75;-77.03
-7628;1.2;0;0;165;1;;;75;-76.28
-7760;1.2;0;0;165;1;;;75;-77.6
-7703;1.2;0;0;165;1;;;75;-77.03
-7811;1.2;0;0;170;1;;;80;-78.11
-7558;1.2;0;0;170;1;;;80;-75.58
-7830;1.2;0;0;170;1;;;80;-78.3
-7811;1.2;0;0;170;1;;;80;-78.11
-7830;1.2;0;0;170;1;;;80;-78.3
-5621;1.2;0;0;85;1;;;-5;-56.21
-5621;1.2;0;0;85;1;;;-5;-56.21
-5612;1.2;0;0;85;1;;;-5;-56.12
-5612;1.2;0;0;85;1;;;-5;-56.12
-5612;1.2;0;0;85;1;;;-5;-56.12
-5602;1.2;0;0;85;1;;;-5;-56.02
-5621;1.2;0;0;85;1;;;-5;-56.21
-5701;1.2;0;0;80;1;;;-10;-57.01
-5692;1.2;0;0;80;1;;;-10;-56.92
-5682;1.2;0;0;80;1;;;-10;-56.82
-5711;1.2;0;0;80;1;;;-10;-57.11
-5711;1.2;0;0;80;1;;;-10;-57.11
-5711;1.2;0;0;80;1;;;-10;-57.11
-5711;1.2;0;0;75;1;;;-15;-57.11
-5729;1.2;0;0;75;1;;;-15;-57.29
-5729;1.2;0;0;75;1;;;-15;-57.29
-5729;1.2;0;0;75;1;;;-15;-57.29
-5729;1.2;0;0;75;1;;;-15;-57.29
-5729;1.2;0;0;75;1;;;-15;-57.29
-5861;1.2;0;0;70;1;;;-20;-58.61
-5852;1.2;0;0;70;1;;;-20;-58.52
-5852;1.2;0;0;70;1;;;-20;-58.52
-5852;1.2;0;0;70;1;;;-20;-58.52
-5842;1.2;0;0;70;1;;;-20;-58.42
-5861;1.2;0;0;70;1;;;-20;-58.61
-5913;1.2;0;0;65;1;;;-25;-59.13
-5913;1.2;0;0;65;1;;;-25;-59.13
-5931;1.2;0;0;65;1;;;-25;-59.31
-5931;1.2;0;0;65;1;;;-25;-59.31
-5913;1.2;0;0;65;1;;;-25;-59.13
-5922;1.2;0;0;65;1;;;-25;-59.22
-5913;1.2;0;0;65;1;;;-25;-59.13
-6054;1.2;0;0;60;1;;;-30;-60.54
-6054;1.2;0;0;60;1;;;-30;-60.54
-6072;1.2;0;0;60;1;;;-30;-60.72
-6063;1.2;0;0;60;1;;;-30;-60.63
-6072;1.2;0;0;60;1;;;-30;-60.72
-6063;1.2;0;0;60;1;;;-30;-60.63
-6072;1.2;0;0;60;1;;;-30;-60.72
-6134;1.2;0;0;55;1;;;-35;-61.34
-6134;1.2;0;0;55;1;;;-35;-61.34
-6152;1.2;0;0;55;1;;;-35;-61.52
-6134;1.2;0;0;55;1;;;-35;-61.34
-6134;1.2;0;0;55;1;;;-35;-61.34
-6171;1.2;0;0;55;1;;;-35;-61.71
-6124;1.2;0;0;55;1;;;-35;-61.24
-6326;1.2;0;0;50;1;;;-40;-63.26
-6336;1.2;0;0;50;1;;;-40;-63.36
-6345;1.2;0;0;50;1;;;-40;-63.45
-6373;1.2;0;0;50;1;;;-40;-63.73
-6345;1.2;0;0;50;1;;;-40;-63.45
-6364;1.2;0;0;50;1;;;-40;-63.64
-6364;1.2;0;0;50;1;;;-40;-63.64
-6500;1.2;0;0;45;1;;;-45;-65
-6500;1.2;0;0;45;1;;;-45;-65
-6500;1.2;0;0;45;1;;;-45;-65
-6500;1.2;0;0;45;1;;;-45;-65
-6491;1.2;0;0;45;1;;;-45;-64.91
-6510;1.2;0;0;45;1;;;-45;-65.1
-6510;1.2;0;0;45;1;;;-45;-65.1
-6613;1.2;0;0;40;1;;;-50;-66.13
-6651;1.2;0;0;40;1;;;-50;-66.51
-6622;1.2;0;0;40;1;;;-50;-66.22
-6622;1.2;0;0;40;1;;;-50;-66.22
-6613;1.2;0;0;40;1;;;-50;-66.13
-6622;1.2;0;0;40;1;;;-50;-66.22
-6632;1.2;0;0;40;1;;;-50;-66.32
-6876;1.2;0;0;35;1;;;-55;-68.76
-6876;1.2;0;0;35;1;;;-55;-68.76
-6886;1.2;0;0;35;1;;;-55;-68.86
-6876;1.2;0;0;35;1;;;-55;-68.76
-6876;1.2;0;0;35;1;;;-55;-68.76
-6876;1.2;0;0;35;1;;;-55;-68.76
-6857;1.2;0;0;35;1;;;-55;-68.57
-7074;1.2;0;0;30;1;;;-60;-70.74
-7083;1.2;0;0;30;1;;;-60;-70.83
-7055;1.2;0;0;30;1;;;-60;-70.55
-7055;1.2;0;0;30;1;;;-60;-70.55
-7074;1.2;0;0;30;1;;;-60;-70.74
-7045;1.2;0;0;30;1;;;-60;-70.45
-7083;1.2;0;0;30;1;;;-60;-70.83
-7144;1.2;0;0;25;1;;;-65;-71.44
-7172;1.2;0;0;25;1;;;-65;-71.72
-7182;1.2;0;0;25;1;;;-65;-71.82
-7153;1.2;0;0;25;1;;;-65;-71.53
-7210;1.2;0;0;25;1;;;-65;-72.1
-7153;1.2;0;0;25;1;;;-65;-71.53
-7191;1.2;0;0;25;1;;;-65;-71.91
-7482;1.2;0;0;20;1;;;-70;-74.82
-7529;1.2;0;0;20;1;;;-70;-75.29
-7464;1.2;0;0;20;1;;;-70;-74.64
-7464;1.2;0;0;20;1;;;-70;-74.64
-7464;1.2;0;0;20;1;;;-70;-74.64
-7473;1.2;0;0;20;1;;;-70;-74.73
-7459;1.2;0;0;15;1;;;-75;-74.59
-7393;1.2;0;0;15;1;;;-75;-73.93
-7393;1.2;0;0;15;1;;;-75;-73.93
-7393;1.2;0;0;15;1;;;-75;-73.93
-7403;1.2;0;0;15;1;;;-75;-74.03
-7431;1.2;0;0;15;1;;;-75;-74.31
-5602;1.2;0;0;90;2;;;0;-56.02
-5584;1.2;0;0;90;2;;;0;-55.84
-5584;1.2;0;0;90;2;;;0;-55.84
-5612;1.2;0;0;90;2;;;0;-56.12
-5612;1.2;0;0;90;2;;;0;-56.12
-5602;1.2;0;0;90;2;;;0;-56.02
-5602;1.2;0;0;90;2;;;0;-56.02
-5626;1.2;0;0;95;2;;;5;-56.26
-5635;1.2;0;0;95;2;;;5;-56.35
-5617;1.2;0;0;95;2;;;5;-56.17
-5617;1.2;0;0;95;2;;;5;-56.17
-5617;1.2;0;0;95;2;;;5;-56.17
-5607;1.2;0;0;95;2;;;5;-56.07
-5546;1.2;0;0;100;2;;;10;-55.46
-5574;1.2;0;0;100;2;;;10;-55.74
-5565;1.2;0;0;100;2;;;10;-55.65
-5555;1.2;0;0;100;2;;;10;-55.55
-5574;1.2;0;0;100;2;;;10;-55.74
-5574;1.2;0;0;100;2;;;10;-55.74
-5574;1.2;0;0;100;2;;;10;-55.74
-5673;1.2;0;0;105;2;;;15;-56.73
-5664;1.2;0;0;105;2;;;15;-56.64
-5673;1.2;0;0;105;2;;;15;-56.73
-5664;1.2;0;0;105;2;;;15;-56.64
-5673;1.2;0;0;105;2;;;15;-56.73
-5673;1.2;0;0;105;2;;;15;-56.73
-5654;1.2;0;0;110;2;;;20;-56.54
-5664;1.2;0;0;110;2;;;20;-56.64
-5664;1.2;0;0;110;2;;;20;-56.64
-5664;1.2;0;0;110;2;;;20;-56.64
-5664;1.2;0;0;110;2;;;20;-56.64
-5664;1.2;0;0;110;2;;;20;-56.64
-5664;1.2;0;0;110;2;;;20;-56.64
-5805;1.2;0;0;115;2;;;25;-58.05
-5795;1.2;0;0;115;2;;;25;-57.95
-5814;1.2;0;0;115;2;;;25;-58.14
-5814;1.2;0;0;115;2;;;25;-58.14
-5795;1.2;0;0;115;2;;;25;-57.95
-5823;1.2;0;0;115;2;;;25;-58.23
-5833;1.2;0;0;115;2;;;25;-58.33
-5880;1.2;0;0;120;2;;;30;-58.8
-5880;1.2;0;0;120;2;;;30;-58.8
-5861;1.2;0;0;120;2;;;30;-58.61
-5870;1.2;0;0;120;2;;;30;-58.7
-5870;1.2;0;0;120;2;;;30;-58.7
-5861;1.2;0;0;120;2;;;30;-58.61
-5988;1.2;0;0;125;2;;;35;-59.88
-5988;1.2;0;0;125;2;;;35;-59.88
-5969;1.2;0;0;125;2;;;35;-59.69
-5978;1.2;0;0;125;2;;;35;-59.78
-5997;1.2;0;0;125;2;;;35;-59.97
-5997;1.2;0;0;125;2;;;35;-59.97
-6110;1.2;0;0;130;2;;;40;-61.1
-6119;1.2;0;0;130;2;;;40;-61.19
-6110;1.2;0;0;130;2;;;40;-61.1
-6082;1.2;0;0;130;2;;;40;-60.82
-6101;1.2;0;0;130;2;;;40;-61.01
-6101;1.2;0;0;130;2;;;40;-61.01
-6101;1.2;0;0;130;2;;;40;-61.01
-6326;1.2;0;0;135;2;;;45;-63.26
-6345;1.2;0;0;135;2;;;45;-63.45
-6411;1.2;0;0;135;2;;;45;-64.11
-6345;1.2;0;0;135;2;;;45;-63.45
-6326;1.2;0;0;135;2;;;45;-63.26
-6336;1.2;0;0;135;2;;;45;-63.36
-6354;1.2;0;0;135;2;;;45;-63.54
-6453;1.2;0;0;140;2;;;50;-64.53
-6453;1.2;0;0;140;2;;;50;-64.53
-6387;1.2;0;0;140;2;;;50;-63.87
-6481;1.2;0;0;140;2;;;50;-64.81
-6472;1.2;0;0;140;2;;;50;-64.72
-6472;1.2;0;0;140;2;;;50;-64.72
-6453;1.2;0;0;140;2;;;50;-64.53
-6754;1.2;0;0;145;2;;;55;-67.54
-6622;1.2;0;0;145;2;;;55;-66.22
-6792;1.2;0;0;145;2;;;55;-67.92
-6707;1.2;0;0;145;2;;;55;-67.07
-6688;1.2;0;0;145;2;;;55;-66.88
-6754;1.2;0;0;145;2;;;55;-67.54
-6956;1.2;0;0;150;2;;;60;-69.56
-6947;1.2;0;0;150;2;;;60;-69.47
-6947;1.2;0;0;150;2;;;60;-69.47
-6975;1.2;0;0;150;2;;;60;-69.75
-6956;1.2;0;0;150;2;;;60;-69.56
-6965;1.2;0;0;150;2;;;60;-69.65
-6965;1.2;0;0;150;2;;;60;-69.65
-7177;1.2;0;0;155;2;;;65;-71.77
-7224;1.2;0;0;155;2;;;65;-72.24
-7280;1.2;0;0;155;2;;;65;-72.8
-7280;1.2;0;0;155;2;;;65;-72.8
-7309;1.2;0;0;155;2;;;65;-73.09
-7468;1.2;0;0;160;2;;;70;-74.68
-7290;1.2;0;0;160;2;;;70;-72.9
-7459;1.2;0;0;160;2;;;70;-74.59
-7515;1.2;0;0;160;2;;;70;-75.15
-7440;1.2;0;0;160;2;;;70;-74.4
-7506;1.2;0;0;160;2;;;70;-75.06
-7370;1.2;0;0;165;2;;;75;-73.7
-7586;1.2;0;0;165;2;;;75;-75.86
-7642;1.2;0;0;165;2;;;75;-76.42
-7661;1.2;0;0;165;2;;;75;-76.61
-7623;1.2;0;0;165;2;;;75;-76.23
-7586;1.2;0;0;165;2;;;75;-75.86
-7717;1.2;0;0;170;2;;;80;-77.17
-7783;1.2;0;0;170;2;;;80;-77.83
-7821;1.2;0;0;170;2;;;80;-78.21
-7887;1.2;0;0;170;2;;;80;-78.87
-7962;1.2;0;0;170;2;;;80;-79.62
-5607;1.2;0;0;85;2;;;-5;-56.07
-5598;1.2;0;0;85;2;;;-5;-55.98
-5617;1.2;0;0;85;2;;;-5;-56.17
-5617;1.2;0;0;85;2;;;-5;-56.17
-5617;1.2;0;0;85;2;;;-5;-56.17
-5626;1.2;0;0;85;2;;;-5;-56.26
-5668;1.2;0;0;80;2;;;-10;-56.68
-5659;1.2;0;0;80;2;;;-10;-56.59
-5687;1.2;0;0;80;2;;;-10;-56.87
-5678;1.2;0;0;80;2;;;-10;-56.78
-5687;1.2;0;0;80;2;;;-10;-56.87
-5687;1.2;0;0;80;2;;;-10;-56.87
-5711;1.2;0;0;75;2;;;-15;-57.11
-5720;1.2;0;0;75;2;;;-15;-57.2
-5720;1.2;0;0;75;2;;;-15;-57.2
-5739;1.2;0;0;75;2;;;-15;-57.39
-5711;1.2;0;0;75;2;;;-15;-57.11
-5711;1.2;0;0;75;2;;;-15;-57.11
-5823;1.2;0;0;70;2;;;-20;-58.23
-5842;1.2;0;0;70;2;;;-20;-58.42
-5833;1.2;0;0;70;2;;;-20;-58.33
-5852;1.2;0;0;70;2;;;-20;-58.52
-5833;1.2;0;0;70;2;;;-20;-58.33
-5842;1.2;0;0;70;2;;;-20;-58.42
-5913;1.2;0;0;65;2;;;-25;-59.13
-5913;1.2;0;0;65;2;;;-25;-59.13
-5913;1.2;0;0;65;2;;;-25;-59.13
-5922;1.2;0;0;65;2;;;-25;-59.22
-5941;1.2;0;0;65;2;;;-25;-59.41
-5941;1.2;0;0;65;2;;;-25;-59.41
-5931;1.2;0;0;65;2;;;-25;-59.31
-6063;1.2;0;0;60;2;;;-30;-60.63
-6063;1.2;0;0;60;2;;;-30;-60.63
-6044;1.2;0;0;60;2;;;-30;-60.44
-6054;1.2;0;0;60;2;;;-30;-60.54
-6063;1.2;0;0;60;2;;;-30;-60.63
-6035;1.2;0;0;60;2;;;-30;-60.35
-6072;1.2;0;0;60;2;;;-30;-60.72
-6185;1.2;0;0;55;2;;;-35;-61.85
-6204;1.2;0;0;55;2;;;-35;-62.04
-6204;1.2;0;0;55;2;;;-35;-62.04
-6195;1.2;0;0;55;2;;;-35;-61.95
-6204;1.2;0;0;55;2;;;-35;-62.04
-6185;1.2;0;0;55;2;;;-35;-61.85
-6204;1.2;0;0;55;2;;;-35;-62.04
-6383;1.2;0;0;50;2;;;-40;-63.83
-6373;1.2;0;0;50;2;;;-40;-63.73
-6373;1.2;0;0;50;2;;;-40;-63.73
-6392;1.2;0;0;50;2;;;-40;-63.92
-6392;1.2;0;0;50;2;;;-40;-63.92
-6392;1.2;0;0;50;2;;;-40;-63.92
-6373;1.2;0;0;50;2;;;-40;-63.73
-6439;1.2;0;0;45;2;;;-45;-64.39
-6448;1.2;0;0;45;2;;;-45;-64.48
-6448;1.2;0;0;45;2;;;-45;-64.48
-6439;1.2;0;0;45;2;;;-45;-64.39
-6439;1.2;0;0;45;2;;;-45;-64.39
-6448;1.2;0;0;45;2;;;-45;-64.48
-6439;1.2;0;0;45;2;;;-45;-64.39
-6599;1.2;0;0;40;2;;;-50;-65.99
-6599;1.2;0;0;40;2;;;-50;-65.99
-6589;1.2;0;0;40;2;;;-50;-65.89
-6599;1.2;0;0;40;2;;;-50;-65.99
-6589;1.2;0;0;40;2;;;-50;-65.89
-6599;1.2;0;0;40;2;;;-50;-65.99
-6608;1.2;0;0;40;2;;;-50;-66.08
-6909;1.2;0;0;35;2;;;-55;-69.09
-6890;1.2;0;0;35;2;;;-55;-68.9
-6890;1.2;0;0;35;2;;;-55;-68.9
-6900;1.2;0;0;35;2;;;-55;-69
-6881;1.2;0;0;35;2;;;-55;-68.81
-6909;1.2;0;0;35;2;;;-55;-69.09
-6890;1.2;0;0;35;2;;;-55;-68.9
-7045;1.2;0;0;30;2;;;-60;-70.45
-7064;1.2;0;0;30;2;;;-60;-70.64
-7055;1.2;0;0;30;2;;;-60;-70.55
-7074;1.2;0;0;30;2;;;-60;-70.74
-7102;1.2;0;0;30;2;;;-60;-71.02
-7074;1.2;0;0;30;2;;;-60;-70.74
-7182;1.2;0;0;25;2;;;-65;-71.82
-7200;1.2;0;0;25;2;;;-65;-72
-7238;1.2;0;0;25;2;;;-65;-72.38
-7200;1.2;0;0;25;2;;;-65;-72
-7247;1.2;0;0;25;2;;;-65;-72.47
-7266;1.2;0;0;25;2;;;-65;-72.66
-7356;1.2;0;0;20;2;;;-70;-73.56
-7356;1.2;0;0;20;2;;;-70;-73.56
-7365;1.2;0;0;20;2;;;-70;-73.65
-7337;1.2;0;0;20;2;;;-70;-73.37
-7346;1.2;0;0;20;2;;;-70;-73.46
-7337;1.2;0;0;20;2;;;-70;-73.37
-7403;1.2;0;0;20;2;;;-70;-74.03
-7595;1.2;0;0;15;2;;;-75;-75.95
-7548;1.2;0;0;15;2;;;-75;-75.48
-7642;1.2;0;0;15;2;;;-75;-76.42
-7567;1.2;0;0;15;2;;;-75;-75.67
-7633;1.2;0;0;15;2;;;-75;-76.33
-7539;1.2;0;0;15;2;;;-75;-75.39
-7576;1.2;0;0;15;2;;;-75;-75.76
-5602;1.2;0;0;90;3;;;0;-56.02
-5593;1.2;0;0;90;3;;;0;-55.93
-5584;1.2;0;0;90;3;;;0;-55.84
-5602;1.2;0;0;90;3;;;0;-56.02
-5612;1.2;0;0;90;3;;;0;-56.12
-5584;1.2;0;0;90;3;;;0;-55.84
-5602;1.2;0;0;90;3;;;0;-56.02
-5626;1.2;0;0;95;3;;;5;-56.26
-5617;1.2;0;0;95;3;;;5;-56.17
-5626;1.2;0;0;95;3;;;5;-56.26
-5635;1.2;0;0;95;3;;;5;-56.35
-5626;1.2;0;0;95;3;;;5;-56.26
-5626;1.2;0;0;95;3;;;5;-56.26
-5602;1.2;0;0;100;3;;;10;-56.02
-5612;1.2;0;0;100;3;;;10;-56.12
-5612;1.2;0;0;100;3;;;10;-56.12
-5640;1.2;0;0;100;3;;;10;-56.4
-5621;1.2;0;0;100;3;;;10;-56.21
-5621;1.2;0;0;100;3;;;10;-56.21
-5584;1.2;0;0;105;3;;;15;-55.84
-5602;1.2;0;0;105;3;;;15;-56.02
-5602;1.2;0;0;105;3;;;15;-56.02
-5584;1.2;0;0;105;3;;;15;-55.84
-5602;1.2;0;0;105;3;;;15;-56.02
-5602;1.2;0;0;105;3;;;15;-56.02
-5659;1.2;0;0;110;3;;;20;-56.59
-5649;1.2;0;0;110;3;;;20;-56.49
-5659;1.2;0;0;110;3;;;20;-56.59
-5668;1.2;0;0;110;3;;;20;-56.68
-5659;1.2;0;0;110;3;;;20;-56.59
-5659;1.2;0;0;110;3;;;20;-56.59
-5786;1.2;0;0;115;3;;;25;-57.86
-5786;1.2;0;0;115;3;;;25;-57.86
-5786;1.2;0;0;115;3;;;25;-57.86
-5795;1.2;0;0;115;3;;;25;-57.95
-5805;1.2;0;0;115;3;;;25;-58.05
-5823;1.2;0;0;115;3;;;25;-58.23
-5866;1.2;0;0;120;3;;;30;-58.66
-5875;1.2;0;0;120;3;;;30;-58.75
-5884;1.2;0;0;120;3;;;30;-58.84
-5884;1.2;0;0;120;3;;;30;-58.84
-5884;1.2;0;0;120;3;;;30;-58.84
-5894;1.2;0;0;120;3;;;30;-58.94
-5974;1.2;0;0;125;3;;;35;-59.74
-5993;1.2;0;0;125;3;;;35;-59.93
-6002;1.2;0;0;125;3;;;35;-60.02
-6011;1.2;0;0;125;3;;;35;-60.11
-6011;1.2;0;0;125;3;;;35;-60.11
-5983;1.2;0;0;125;3;;;35;-59.83
-6011;1.2;0;0;125;3;;;35;-60.11
-6129;1.2;0;0;130;3;;;40;-61.29
-6082;1.2;0;0;130;3;;;40;-60.82
-6138;1.2;0;0;130;3;;;40;-61.38
-6119;1.2;0;0;130;3;;;40;-61.19
-6110;1.2;0;0;130;3;;;40;-61.1
-6119;1.2;0;0;130;3;;;40;-61.19
-6317;1.2;0;0;135;3;;;45;-63.17
-6364;1.2;0;0;135;3;;;45;-63.64
-6373;1.2;0;0;135;3;;;45;-63.73
-6373;1.2;0;0;135;3;;;45;-63.73
-6345;1.2;0;0;135;3;;;45;-63.45
-6345;1.2;0;0;135;3;;;45;-63.45
-6448;1.2;0;0;140;3;;;50;-64.48
-6467;1.2;0;0;140;3;;;50;-64.67
-6477;1.2;0;0;140;3;;;50;-64.77
-6411;1.2;0;0;140;3;;;50;-64.11
-6477;1.2;0;0;140;3;;;50;-64.77
-6448;1.2;0;0;140;3;;;50;-64.48
-6448;1.2;0;0;140;3;;;50;-64.48
-6585;1.2;0;0;145;3;;;55;-65.85
-6726;1.2;0;0;145;3;;;55;-67.26
-6651;1.2;0;0;145;3;;;55;-66.51
-6716;1.2;0;0;145;3;;;55;-67.16
-6716;1.2;0;0;145;3;;;55;-67.16
-6679;1.2;0;0;145;3;;;55;-66.79
-7012;1.2;0;0;150;3;;;60;-70.12
-6984;1.2;0;0;150;3;;;60;-69.84
-7012;1.2;0;0;150;3;;;60;-70.12
-7097;1.2;0;0;150;3;;;60;-70.97
-6965;1.2;0;0;150;3;;;60;-69.65
-6984;1.2;0;0;150;3;;;60;-69.84
-7257;1.2;0;0;155;3;;;65;-72.57
-7200;1.2;0;0;155;3;;;65;-72
-7332;1.2;0;0;155;3;;;65;-73.32
-7266;1.2;0;0;155;3;;;65;-72.66
-7285;1.2;0;0;155;3;;;65;-72.85
-7313;1.2;0;0;155;3;;;65;-73.13
-7304;1.2;0;0;160;3;;;70;-73.04
-7454;1.2;0;0;160;3;;;70;-74.54
-7473;1.2;0;0;160;3;;;70;-74.73
-7473;1.2;0;0;160;3;;;70;-74.73
-7511;1.2;0;0;160;3;;;70;-75.11
-7482;1.2;0;0;160;3;;;70;-74.82
-7501;1.2;0;0;165;3;;;75;-75.01
-7558;1.2;0;0;165;3;;;75;-75.58
-7670;1.2;0;0;165;3;;;75;-76.7
-7642;1.2;0;0;165;3;;;75;-76.42
-7614;1.2;0;0;165;3;;;75;-76.14
-7783;1.2;0;0;165;3;;;75;-77.83
-7934;1.2;0;0;170;3;;;80;-79.34
-7934;1.2;0;0;170;3;;;80;-79.34
-8037;1.2;0;0;170;3;;;80;-80.37
-5584;1.2;0;0;85;3;;;-5;-55.84
-5584;1.2;0;0;85;3;;;-5;-55.84
-5584;1.2;0;0;85;3;;;-5;-55.84
-5565;1.2;0;0;85;3;;;-5;-55.65
-5584;1.2;0;0;85;3;;;-5;-55.84
-5593;1.2;0;0;85;3;;;-5;-55.93
-5654;1.2;0;0;80;3;;;-10;-56.54
-5682;1.2;0;0;80;3;;;-10;-56.82
-5664;1.2;0;0;80;3;;;-10;-56.64
-5664;1.2;0;0;80;3;;;-10;-56.64
-5654;1.2;0;0;80;3;;;-10;-56.54
-5664;1.2;0;0;80;3;;;-10;-56.64
-5743;1.2;0;0;75;3;;;-15;-57.43
-5725;1.2;0;0;75;3;;;-15;-57.25
-5762;1.2;0;0;75;3;;;-15;-57.62
-5753;1.2;0;0;75;3;;;-15;-57.53
-5753;1.2;0;0;75;3;;;-15;-57.53
-5725;1.2;0;0;75;3;;;-15;-57.25
-5743;1.2;0;0;75;3;;;-15;-57.43
-5809;1.2;0;0;70;3;;;-20;-58.09
-5819;1.2;0;0;70;3;;;-20;-58.19
-5800;1.2;0;0;70;3;;;-20;-58
-5809;1.2;0;0;70;3;;;-20;-58.09
-5809;1.2;0;0;70;3;;;-20;-58.09
-5837;1.2;0;0;70;3;;;-20;-58.37
-5960;1.2;0;0;65;3;;;-25;-59.6
-5950;1.2;0;0;65;3;;;-25;-59.5
-5950;1.2;0;0;65;3;;;-25;-59.5
-5941;1.2;0;0;65;3;;;-25;-59.41
-5960;1.2;0;0;65;3;;;-25;-59.6
-5978;1.2;0;0;65;3;;;-25;-59.78
-5960;1.2;0;0;65;3;;;-25;-59.6
-6087;1.2;0;0;60;3;;;-30;-60.87
-6105;1.2;0;0;60;3;;;-30;-61.05
-6096;1.2;0;0;60;3;;;-30;-60.96
-6096;1.2;0;0;60;3;;;-30;-60.96
-6096;1.2;0;0;60;3;;;-30;-60.96
-6105;1.2;0;0;60;3;;;-30;-61.05
-6096;1.2;0;0;60;3;;;-30;-60.96
-6176;1.2;0;0;55;3;;;-35;-61.76
-6157;1.2;0;0;55;3;;;-35;-61.57
-6166;1.2;0;0;55;3;;;-35;-61.66
-6157;1.2;0;0;55;3;;;-35;-61.57
-6157;1.2;0;0;55;3;;;-35;-61.57
-6157;1.2;0;0;55;3;;;-35;-61.57
-6166;1.2;0;0;55;3;;;-35;-61.66
-6416;1.2;0;0;50;3;;;-40;-64.16
-6406;1.2;0;0;50;3;;;-40;-64.06
-6397;1.2;0;0;50;3;;;-40;-63.97
-6416;1.2;0;0;50;3;;;-40;-64.16
-6397;1.2;0;0;50;3;;;-40;-63.97
-6416;1.2;0;0;50;3;;;-40;-64.16
-6406;1.2;0;0;50;3;;;-40;-64.06
-6477;1.2;0;0;45;3;;;-45;-64.77
-6467;1.2;0;0;45;3;;;-45;-64.67
-6477;1.2;0;0;45;3;;;-45;-64.77
-6505;1.2;0;0;45;3;;;-45;-65.05
-6486;1.2;0;0;45;3;;;-45;-64.86
-6495;1.2;0;0;45;3;;;-45;-64.95
-6495;1.2;0;0;45;3;;;-45;-64.95
-6608;1.2;0;0;40;3;;;-50;-66.08
-6599;1.2;0;0;40;3;;;-50;-65.99
-6618;1.2;0;0;40;3;;;-50;-66.18
-6589;1.2;0;0;40;3;;;-50;-65.89
-6580;1.2;0;0;40;3;;;-50;-65.8
-6599;1.2;0;0;40;3;;;-50;-65.99
-6599;1.2;0;0;40;3;;;-50;-65.99
-6890;1.2;0;0;35;3;;;-55;-68.9
-6928;1.2;0;0;35;3;;;-55;-69.28
-6890;1.2;0;0;35;3;;;-55;-68.9
-6900;1.2;0;0;35;3;;;-55;-69
-6918;1.2;0;0;35;3;;;-55;-69.18
-6909;1.2;0;0;35;3;;;-55;-69.09
-6918;1.2;0;0;35;3;;;-55;-69.18
-7017;1.2;0;0;30;3;;;-60;-70.17
-7074;1.2;0;0;30;3;;;-60;-70.74
-7027;1.2;0;0;30;3;;;-60;-70.27
-7045;1.2;0;0;30;3;;;-60;-70.45
-7045;1.2;0;0;30;3;;;-60;-70.45
-7045;1.2;0;0;30;3;;;-60;-70.45
-7276;1.2;0;0;25;3;;;-65;-72.76
-7304;1.2;0;0;25;3;;;-65;-73.04
-7285;1.2;0;0;25;3;;;-65;-72.85
-7266;1.2;0;0;25;3;;;-65;-72.66
-7313;1.2;0;0;25;3;;;-65;-73.13
-7276;1.2;0;0;25;3;;;-65;-72.76
-7332;1.2;0;0;25;3;;;-65;-73.32
-7482;1.2;0;0;20;3;;;-70;-74.82
-7464;1.2;0;0;20;3;;;-70;-74.64
-7426;1.2;0;0;20;3;;;-70;-74.26
-7454;1.2;0;0;20;3;;;-70;-74.54
-7464;1.2;0;0;20;3;;;-70;-74.64
-7473;1.2;0;0;20;3;;;-70;-74.73
-7454;1.2;0;0;20;3;;;-70;-74.54
-7407;1.2;0;0;15;3;;;-75;-74.07
-7445;1.2;0;0;15;3;;;-75;-74.45
-7417;1.2;0;0;15;3;;;-75;-74.17
-7464;1.2;0;0;15;3;;;-75;-74.64
-7445;1.2;0;0;15;3;;;-75;-74.45
-7454;1.2;0;0;15;3;;;-75;-74.54
-7454;1.2;0;0;15;3;;;-75;-74.54
-5593;1.2;0;0;90;4;;;0;-55.93
-5584;1.2;0;0;90;4;;;0;-55.84
-5584;1.2;0;0;90;4;;;0;-55.84
-5584;1.2;0;0;90;4;;;0;-55.84
-5584;1.2;0;0;90;4;;;0;-55.84
-5584;1.2;0;0;90;4;;;0;-55.84
-5555;1.2;0;0;95;4;;;5;-55.55
-5565;1.2;0;0;95;4;;;5;-55.65
-5546;1.2;0;0;95;4;;;5;-55.46
-5574;1.2;0;0;95;4;;;5;-55.74
-5565;1.2;0;0;95;4;;;5;-55.65
-5565;1.2;0;0;95;4;;;5;-55.65
-5565;1.2;0;0;100;4;;;10;-55.65
-5593;1.2;0;0;100;4;;;10;-55.93
-5593;1.2;0;0;100;4;;;10;-55.93
-5584;1.2;0;0;100;4;;;10;-55.84
-5574;1.2;0;0;100;4;;;10;-55.74
-5584;1.2;0;0;100;4;;;10;-55.84
-5668;1.2;0;0;105;4;;;15;-56.68
-5678;1.2;0;0;105;4;;;15;-56.78
-5678;1.2;0;0;105;4;;;15;-56.78
-5678;1.2;0;0;105;4;;;15;-56.78
-5687;1.2;0;0;105;4;;;15;-56.87
-5687;1.2;0;0;105;4;;;15;-56.87
-5654;1.2;0;0;110;4;;;20;-56.54
-5635;1.2;0;0;110;4;;;20;-56.35
-5654;1.2;0;0;110;4;;;20;-56.54
-5654;1.2;0;0;110;4;;;20;-56.54
-5664;1.2;0;0;110;4;;;20;-56.64
-5645;1.2;0;0;110;4;;;20;-56.45
-5748;1.2;0;0;115;4;;;25;-57.48
-5748;1.2;0;0;115;4;;;25;-57.48
-5739;1.2;0;0;115;4;;;25;-57.39
-5739;1.2;0;0;115;4;;;25;-57.39
-5748;1.2;0;0;115;4;;;25;-57.48
-5748;1.2;0;0;115;4;;;25;-57.48
-5894;1.2;0;0;120;4;;;30;-58.94
-5894;1.2;0;0;120;4;;;30;-58.94
-5903;1.2;0;0;120;4;;;30;-59.03
-5866;1.2;0;0;120;4;;;30;-58.66
-5884;1.2;0;0;120;4;;;30;-58.84
-5875;1.2;0;0;120;4;;;30;-58.75
-5988;1.2;0;0;125;4;;;35;-59.88
-5969;1.2;0;0;125;4;;;35;-59.69
-6007;1.2;0;0;125;4;;;35;-60.07
-6007;1.2;0;0;125;4;;;35;-60.07
-5978;1.2;0;0;125;4;;;35;-59.78
-5997;1.2;0;0;125;4;;;35;-59.97
-5997;1.2;0;0;125;4;;;35;-59.97
-6072;1.2;0;0;130;4;;;40;-60.72
-6054;1.2;0;0;130;4;;;40;-60.54
-6091;1.2;0;0;130;4;;;40;-60.91
-6082;1.2;0;0;130;4;;;40;-60.82
-6063;1.2;0;0;130;4;;;40;-60.63
-6054;1.2;0;0;130;4;;;40;-60.54
-6364;1.2;0;0;135;4;;;45;-63.64
-6411;1.2;0;0;135;4;;;45;-64.11
-6364;1.2;0;0;135;4;;;45;-63.64
-6354;1.2;0;0;135;4;;;45;-63.54
-6326;1.2;0;0;135;4;;;45;-63.26
-6373;1.2;0;0;135;4;;;45;-63.73
-6524;1.2;0;0;140;4;;;50;-65.24
-6505;1.2;0;0;140;4;;;50;-65.05
-6552;1.2;0;0;140;4;;;50;-65.52
-6514;1.2;0;0;140;4;;;50;-65.14
-6589;1.2;0;0;140;4;;;50;-65.89
-6571;1.2;0;0;140;4;;;50;-65.71
-6542;1.2;0;0;140;4;;;50;-65.42
-6679;1.2;0;0;145;4;;;55;-66.79
-6669;1.2;0;0;145;4;;;55;-66.69
-6698;1.2;0;0;145;4;;;55;-66.98
-6669;1.2;0;0;145;4;;;55;-66.69
-6594;1.2;0;0;145;4;;;55;-65.94
-6754;1.2;0;0;145;4;;;55;-67.54
-6698;1.2;0;0;145;4;;;55;-66.98
-6994;1.2;0;0;150;4;;;60;-69.94
-6928;1.2;0;0;150;4;;;60;-69.28
-6947;1.2;0;0;150;4;;;60;-69.47
-6862;1.2;0;0;150;4;;;60;-68.62
-6909;1.2;0;0;150;4;;;60;-69.09
-6975;1.2;0;0;150;4;;;60;-69.75
-7229;1.2;0;0;155;4;;;65;-72.29
-7229;1.2;0;0;155;4;;;65;-72.29
-7257;1.2;0;0;155;4;;;65;-72.57
-7182;1.2;0;0;155;4;;;65;-71.82
-7257;1.2;0;0;155;4;;;65;-72.57
-7548;1.2;0;0;160;4;;;70;-75.48
-7529;1.2;0;0;160;4;;;70;-75.29
-7501;1.2;0;0;160;4;;;70;-75.01
-7482;1.2;0;0;160;4;;;70;-74.82
-7473;1.2;0;0;160;4;;;70;-74.73
-7492;1.2;0;0;160;4;;;70;-74.92
-7426;1.2;0;0;160;4;;;70;-74.26
-7591;1.2;0;0;165;4;;;75;-75.91
-7600;1.2;0;0;165;4;;;75;-76
-7591;1.2;0;0;165;4;;;75;-75.91
-7553;1.2;0;0;165;4;;;75;-75.53
-7562;1.2;0;0;165;4;;;75;-75.62
-7703;1.2;0;0;170;4;;;80;-77.03
-7797;1.2;0;0;170;4;;;80;-77.97
-7760;1.2;0;0;170;4;;;80;-77.6
-5584;1.2;0;0;85;4;;;-5;-55.84
-5574;1.2;0;0;85;4;;;-5;-55.74
-5584;1.2;0;0;85;4;;;-5;-55.84
-5574;1.2;0;0;85;4;;;-5;-55.74
-5565;1.2;0;0;85;4;;;-5;-55.65
-5593;1.2;0;0;85;4;;;-5;-55.93
-5645;1.2;0;0;80;4;;;-10;-56.45
-5654;1.2;0;0;80;4;;;-10;-56.54
-5673;1.2;0;0;80;4;;;-10;-56.73
-5654;1.2;0;0;80;4;;;-10;-56.54
-5654;1.2;0;0;80;4;;;-10;-56.54
-5654;1.2;0;0;80;4;;;-10;-56.54
-5725;1.2;0;0;75;4;;;-15;-57.25
-5734;1.2;0;0;75;4;;;-15;-57.34
-5753;1.2;0;0;75;4;;;-15;-57.53
-5725;1.2;0;0;75;4;;;-15;-57.25
-5743;1.2;0;0;75;4;;;-15;-57.43
-5743;1.2;0;0;75;4;;;-15;-57.43
-5847;1.2;0;0;70;4;;;-20;-58.47
-5866;1.2;0;0;70;4;;;-20;-58.66
-5856;1.2;0;0;70;4;;;-20;-58.56
-5866;1.2;0;0;70;4;;;-20;-58.66
-5847;1.2;0;0;70;4;;;-20;-58.47
-5866;1.2;0;0;70;4;;;-20;-58.66
-5936;1.2;0;0;65;4;;;-25;-59.36
-5917;1.2;0;0;65;4;;;-25;-59.17
-5936;1.2;0;0;65;4;;;-25;-59.36
-5936;1.2;0;0;65;4;;;-25;-59.36
-5955;1.2;0;0;65;4;;;-25;-59.55
-5964;1.2;0;0;65;4;;;-25;-59.64
-6096;1.2;0;0;60;4;;;-30;-60.96
-6115;1.2;0;0;60;4;;;-30;-61.15
-6096;1.2;0;0;60;4;;;-30;-60.96
-6096;1.2;0;0;60;4;;;-30;-60.96
-6077;1.2;0;0;60;4;;;-30;-60.77
-6077;1.2;0;0;60;4;;;-30;-60.77
-6096;1.2;0;0;60;4;;;-30;-60.96
-6176;1.2;0;0;55;4;;;-35;-61.76
-6185;1.2;0;0;55;4;;;-35;-61.85
-6166;1.2;0;0;55;4;;;-35;-61.66
-6185;1.2;0;0;55;4;;;-35;-61.85
-6195;1.2;0;0;55;4;;;-35;-61.95
-6185;1.2;0;0;55;4;;;-35;-61.85
-6176;1.2;0;0;55;4;;;-35;-61.76
-6416;1.2;0;0;50;4;;;-40;-64.16
-6434;1.2;0;0;50;4;;;-40;-64.34
-6444;1.2;0;0;50;4;;;-40;-64.44
-6425;1.2;0;0;50;4;;;-40;-64.25
-6425;1.2;0;0;50;4;;;-40;-64.25
-6444;1.2;0;0;50;4;;;-40;-64.44
-6425;1.2;0;0;50;4;;;-40;-64.25
-6472;1.2;0;0;45;4;;;-45;-64.72
-6500;1.2;0;0;45;4;;;-45;-65
-6491;1.2;0;0;45;4;;;-45;-64.91
-6510;1.2;0;0;45;4;;;-45;-65.1
-6491;1.2;0;0;45;4;;;-45;-64.91
-6500;1.2;0;0;45;4;;;-45;-65
-6500;1.2;0;0;45;4;;;-45;-65
-6571;1.2;0;0;40;4;;;-50;-65.71
-6599;1.2;0;0;40;4;;;-50;-65.99
-6599;1.2;0;0;40;4;;;-50;-65.99
-6589;1.2;0;0;40;4;;;-50;-65.89
-6571;1.2;0;0;40;4;;;-50;-65.71
-6618;1.2;0;0;40;4;;;-50;-66.18
-6571;1.2;0;0;40;4;;;-50;-65.71
-6810;1.2;0;0;35;4;;;-55;-68.1
-6820;1.2;0;0;35;4;;;-55;-68.2
-6792;1.2;0;0;35;4;;;-55;-67.92
-6820;1.2;0;0;35;4;;;-55;-68.2
-6820;1.2;0;0;35;4;;;-55;-68.2
-6801;1.2;0;0;35;4;;;-55;-68.01
-6820;1.2;0;0;35;4;;;-55;-68.2
-7041;1.2;0;0;30;4;;;-60;-70.41
-7022;1.2;0;0;30;4;;;-60;-70.22
-7041;1.2;0;0;30;4;;;-60;-70.41
-7031;1.2;0;0;30;4;;;-60;-70.31
-7041;1.2;0;0;30;4;;;-60;-70.41
-7041;1.2;0;0;30;4;;;-60;-70.41
-7031;1.2;0;0;30;4;;;-60;-70.31
-7069;1.2;0;0;25;4;;;-65;-70.69
-7088;1.2;0;0;25;4;;;-65;-70.88
-7088;1.2;0;0;25;4;;;-65;-70.88
-7078;1.2;0;0;25;4;;;-65;-70.78
-7106;1.2;0;0;25;4;;;-65;-71.06
-7116;1.2;0;0;25;4;;;-65;-71.16
-7097;1.2;0;0;25;4;;;-65;-70.97
-7501;1.2;0;0;20;4;;;-70;-75.01
-7454;1.2;0;0;20;4;;;-70;-74.54
-7388;1.2;0;0;20;4;;;-70;-73.88
-7407;1.2;0;0;20;4;;;-70;-74.07
-7445;1.2;0;0;20;4;;;-70;-74.45
-7445;1.2;0;0;20;4;;;-70;-74.45
-7435;1.2;0;0;20;4;;;-70;-74.35
-7482;1.2;0;0;15;4;;;-75;-74.82
-7426;1.2;0;0;15;4;;;-75;-74.26
-7511;1.2;0;0;15;4;;;-75;-75.11
-7445;1.2;0;0;15;4;;;-75;-74.45
-7473;1.2;0;0;15;4;;;-75;-74.73
-7501;1.2;0;0;15;4;;;-75;-75.01
-5593;1.2;0;0;90;5;;;0;-55.93
-5584;1.2;0;0;90;5;;;0;-55.84
-5612;1.2;0;0;90;5;;;0;-56.12
-5584;1.2;0;0;90;5;;;0;-55.84
-5602;1.2;0;0;90;5;;;0;-56.02
-5602;1.2;0;0;90;5;;;0;-56.02
-5621;1.2;0;0;95;5;;;5;-56.21
-5631;1.2;0;0;95;5;;;5;-56.31
-5640;1.2;0;0;95;5;;;5;-56.4
-5640;1.2;0;0;95;5;;;5;-56.4
-5621;1.2;0;0;95;5;;;5;-56.21
-5631;1.2;0;0;95;5;;;5;-56.31
-5640;1.2;0;0;95;5;;;5;-56.4
-5640;1.2;0;0;100;5;;;10;-56.4
-5621;1.2;0;0;100;5;;;10;-56.21
-5640;1.2;0;0;100;5;;;10;-56.4
-5640;1.2;0;0;100;5;;;10;-56.4
-5631;1.2;0;0;100;5;;;10;-56.31
-5649;1.2;0;0;100;5;;;10;-56.49
-5560;1.2;0;0;105;5;;;15;-55.6
-5588;1.2;0;0;105;5;;;15;-55.88
-5588;1.2;0;0;105;5;;;15;-55.88
-5588;1.2;0;0;105;5;;;15;-55.88
-5588;1.2;0;0;105;5;;;15;-55.88
-5598;1.2;0;0;105;5;;;15;-55.98
-5786;1.2;0;0;110;5;;;20;-57.86
-5767;1.2;0;0;110;5;;;20;-57.67
-5767;1.2;0;0;110;5;;;20;-57.67
-5776;1.2;0;0;110;5;;;20;-57.76
-5776;1.2;0;0;110;5;;;20;-57.76
-5776;1.2;0;0;110;5;;;20;-57.76
-5790;1.2;0;0;115;5;;;25;-57.9
-5781;1.2;0;0;115;5;;;25;-57.81
-5809;1.2;0;0;115;5;;;25;-58.09
-5790;1.2;0;0;115;5;;;25;-57.9
-5837;1.2;0;0;115;5;;;25;-58.37
-5790;1.2;0;0;115;5;;;25;-57.9
-5809;1.2;0;0;115;5;;;25;-58.09
-5837;1.2;0;0;120;5;;;30;-58.37
-5837;1.2;0;0;120;5;;;30;-58.37
-5837;1.2;0;0;120;5;;;30;-58.37
-5819;1.2;0;0;120;5;;;30;-58.19
-5828;1.2;0;0;120;5;;;30;-58.28
-5837;1.2;0;0;120;5;;;30;-58.37
-5828;1.2;0;0;120;5;;;30;-58.28
-5988;1.2;0;0;125;5;;;35;-59.88
-5960;1.2;0;0;125;5;;;35;-59.6
-5988;1.2;0;0;125;5;;;35;-59.88
-6007;1.2;0;0;125;5;;;35;-60.07
-5997;1.2;0;0;125;5;;;35;-59.97
-5978;1.2;0;0;125;5;;;35;-59.78
-6068;1.2;0;0;130;5;;;40;-60.68
-6105;1.2;0;0;130;5;;;40;-61.05
-6124;1.2;0;0;130;5;;;40;-61.24
-6115;1.2;0;0;130;5;;;40;-61.15
-6115;1.2;0;0;130;5;;;40;-61.15
-6096;1.2;0;0;130;5;;;40;-60.96
-6096;1.2;0;0;130;5;;;40;-60.96
-6260;1.2;0;0;135;5;;;45;-62.6
-6289;1.2;0;0;135;5;;;45;-62.89
-6260;1.2;0;0;135;5;;;45;-62.6
-6260;1.2;0;0;135;5;;;45;-62.6
-6336;1.2;0;0;135;5;;;45;-63.36
-6307;1.2;0;0;135;5;;;45;-63.07
-6505;1.2;0;0;140;5;;;50;-65.05
-6477;1.2;0;0;140;5;;;50;-64.77
-6514;1.2;0;0;140;5;;;50;-65.14
-6552;1.2;0;0;140;5;;;50;-65.52
-6533;1.2;0;0;140;5;;;50;-65.33
-6514;1.2;0;0;140;5;;;50;-65.14
-6745;1.2;0;0;145;5;;;55;-67.45
-6726;1.2;0;0;145;5;;;55;-67.26
-6726;1.2;0;0;145;5;;;55;-67.26
-6726;1.2;0;0;145;5;;;55;-67.26
-6745;1.2;0;0;145;5;;;55;-67.45
-6735;1.2;0;0;145;5;;;55;-67.35
-6867;1.2;0;0;150;5;;;60;-68.67
-6876;1.2;0;0;150;5;;;60;-68.76
-6989;1.2;0;0;150;5;;;60;-69.89
-6904;1.2;0;0;150;5;;;60;-69.04
-6914;1.2;0;0;150;5;;;60;-69.14
-6876;1.2;0;0;150;5;;;60;-68.76
-6848;1.2;0;0;150;5;;;60;-68.48
-7196;1.2;0;0;155;5;;;65;-71.96
-7186;1.2;0;0;155;5;;;65;-71.86
-7224;1.2;0;0;155;5;;;65;-72.24
-7224;1.2;0;0;155;5;;;65;-72.24
-7224;1.2;0;0;155;5;;;65;-72.24
-7177;1.2;0;0;155;5;;;65;-71.77
-7388;1.2;0;0;160;5;;;70;-73.88
-7426;1.2;0;0;160;5;;;70;-74.26
-7360;1.2;0;0;160;5;;;70;-73.6
-7388;1.2;0;0;160;5;;;70;-73.88
-7341;1.2;0;0;160;5;;;70;-73.41
-7351;1.2;0;0;160;5;;;70;-73.51
-7360;1.2;0;0;160;5;;;70;-73.6
-7567;1.2;0;0;165;5;;;75;-75.67
-7595;1.2;0;0;165;5;;;75;-75.95
-7623;1.2;0;0;165;5;;;75;-76.23
-7595;1.2;0;0;165;5;;;75;-75.95
-7529;1.2;0;0;165;5;;;75;-75.29
-7558;1.2;0;0;165;5;;;75;-75.58
-7910;1.2;0;0;170;5;;;80;-79.1
-7873;1.2;0;0;170;5;;;80;-78.73
-7779;1.2;0;0;170;5;;;80;-77.79
-7788;1.2;0;0;170;5;;;80;-77.88
-7797;1.2;0;0;170;5;;;80;-77.97
-7929;1.2;0;0;170;5;;;80;-79.29
-5574;1.2;0;0;85;5;;;-5;-55.74
-5574;1.2;0;0;85;5;;;-5;-55.74
-5584;1.2;0;0;85;5;;;-5;-55.84
-5602;1.2;0;0;85;5;;;-5;-56.02
-5602;1.2;0;0;85;5;;;-5;-56.02
-5584;1.2;0;0;85;5;;;-5;-55.84
-5659;1.2;0;0;80;5;;;-10;-56.59
-5678;1.2;0;0;80;5;;;-10;-56.78
-5687;1.2;0;0;80;5;;;-10;-56.87
-5678;1.2;0;0;80;5;;;-10;-56.78
-5687;1.2;0;0;80;5;;;-10;-56.87
-5678;1.2;0;0;80;5;;;-10;-56.78
-5753;1.2;0;0;75;5;;;-15;-57.53
-5762;1.2;0;0;75;5;;;-15;-57.62
-5753;1.2;0;0;75;5;;;-15;-57.53
-5762;1.2;0;0;75;5;;;-15;-57.62
-5781;1.2;0;0;75;5;;;-15;-57.81
-5753;1.2;0;0;75;5;;;-15;-57.53
-5809;1.2;0;0;70;5;;;-20;-58.09
-5828;1.2;0;0;70;5;;;-20;-58.28
-5837;1.2;0;0;70;5;;;-20;-58.37
-5809;1.2;0;0;70;5;;;-20;-58.09
-5809;1.2;0;0;70;5;;;-20;-58.09
-5828;1.2;0;0;70;5;;;-20;-58.28
-5828;1.2;0;0;70;5;;;-20;-58.28
-5931;1.2;0;0;65;5;;;-25;-59.31
-5941;1.2;0;0;65;5;;;-25;-59.41
-5922;1.2;0;0;65;5;;;-25;-59.22
-5931;1.2;0;0;65;5;;;-25;-59.31
-5941;1.2;0;0;65;5;;;-25;-59.41
-5922;1.2;0;0;65;5;;;-25;-59.22
-5913;1.2;0;0;65;5;;;-25;-59.13
-6077;1.2;0;0;60;5;;;-30;-60.77
-6105;1.2;0;0;60;5;;;-30;-61.05
-6096;1.2;0;0;60;5;;;-30;-60.96
-6096;1.2;0;0;60;5;;;-30;-60.96
-6105;1.2;0;0;60;5;;;-30;-61.05
-6087;1.2;0;0;60;5;;;-30;-60.87
-6087;1.2;0;0;60;5;;;-30;-60.87
-6157;1.2;0;0;55;5;;;-35;-61.57
-6157;1.2;0;0;55;5;;;-35;-61.57
-6185;1.2;0;0;55;5;;;-35;-61.85
-6185;1.2;0;0;55;5;;;-35;-61.85
-6166;1.2;0;0;55;5;;;-35;-61.66
-6166;1.2;0;0;55;5;;;-35;-61.66
-6373;1.2;0;0;50;5;;;-40;-63.73
-6373;1.2;0;0;50;5;;;-40;-63.73
-6373;1.2;0;0;50;5;;;-40;-63.73
-6364;1.2;0;0;50;5;;;-40;-63.64
-6383;1.2;0;0;50;5;;;-40;-63.83
-6392;1.2;0;0;50;5;;;-40;-63.92
-6345;1.2;0;0;50;5;;;-40;-63.45
-6519;1.2;0;0;45;5;;;-45;-65.19
-6481;1.2;0;0;45;5;;;-45;-64.81
-6481;1.2;0;0;45;5;;;-45;-64.81
-6510;1.2;0;0;45;5;;;-45;-65.1
-6510;1.2;0;0;45;5;;;-45;-65.1
-6481;1.2;0;0;45;5;;;-45;-64.81
-6519;1.2;0;0;45;5;;;-45;-65.19
-6688;1.2;0;0;40;5;;;-50;-66.88
-6669;1.2;0;0;40;5;;;-50;-66.69
-6669;1.2;0;0;40;5;;;-50;-66.69
-6679;1.2;0;0;40;5;;;-50;-66.79
-6679;1.2;0;0;40;5;;;-50;-66.79
-6688;1.2;0;0;40;5;;;-50;-66.88
-6698;1.2;0;0;40;5;;;-50;-66.98
-6857;1.2;0;0;35;5;;;-55;-68.57
-6839;1.2;0;0;35;5;;;-55;-68.39
-6857;1.2;0;0;35;5;;;-55;-68.57
-6857;1.2;0;0;35;5;;;-55;-68.57
-6857;1.2;0;0;35;5;;;-55;-68.57
-6857;1.2;0;0;35;5;;;-55;-68.57
-7106;1.2;0;0;30;5;;;-60;-71.06
-7172;1.2;0;0;30;5;;;-60;-71.72
-7144;1.2;0;0;30;5;;;-60;-71.44
-7106;1.2;0;0;30;5;;;-60;-71.06
-7144;1.2;0;0;30;5;;;-60;-71.44
-7182;1.2;0;0;30;5;;;-60;-71.82
-7172;1.2;0;0;30;5;;;-60;-71.72
-7224;1.2;0;0;25;5;;;-65;-72.24
-7177;1.2;0;0;25;5;;;-65;-71.77
-7215;1.2;0;0;25;5;;;-65;-72.15
-7186;1.2;0;0;25;5;;;-65;-71.86
-7186;1.2;0;0;25;5;;;-65;-71.86
-7215;1.2;0;0;25;5;;;-65;-72.15
-7252;1.2;0;0;25;5;;;-65;-72.52
-7332;1.2;0;0;20;5;;;-70;-73.32
-7360;1.2;0;0;20;5;;;-70;-73.6
-7417;1.2;0;0;20;5;;;-70;-74.17
-7388;1.2;0;0;20;5;;;-70;-73.88
-7332;1.2;0;0;20;5;;;-70;-73.32
-7341;1.2;0;0;20;5;;;-70;-73.41
-7351;1.2;0;0;20;5;;;-70;-73.51
-7426;1.2;0;0;15;5;;;-75;-74.26
-7398;1.2;0;0;15;5;;;-75;-73.98
-7398;1.2;0;0;15;5;;;-75;-73.98
-7360;1.2;0;0;15;5;;;-75;-73.6
-7426;1.2;0;0;15;5;;;-75;-74.26
-7407;1.2;0;0;15;5;;;-75;-74.07
-5570;1.2;0;0;90;6;;;0;-55.7
-5560;1.2;0;0;90;6;;;0;-55.6
-5598;1.2;0;0;90;6;;;0;-55.98
-5560;1.2;0;0;90;6;;;0;-55.6
-5570;1.2;0;0;90;6;;;0;-55.7
-5570;1.2;0;0;90;6;;;0;-55.7
-5555;1.2;0;0;95;6;;;5;-55.55
-5555;1.2;0;0;95;6;;;5;-55.55
-5565;1.2;0;0;95;6;;;5;-55.65
-5565;1.2;0;0;95;6;;;5;-55.65
-5565;1.2;0;0;95;6;;;5;-55.65
-5565;1.2;0;0;95;6;;;5;-55.65
-5602;1.2;0;0;95;6;;;5;-56.02
-5570;1.2;0;0;100;6;;;10;-55.7
-5579;1.2;0;0;100;6;;;10;-55.79
-5588;1.2;0;0;100;6;;;10;-55.88
-5570;1.2;0;0;100;6;;;10;-55.7
-5560;1.2;0;0;100;6;;;10;-55.6
-5588;1.2;0;0;100;6;;;10;-55.88
-5649;1.2;0;0;105;6;;;15;-56.49
-5659;1.2;0;0;105;6;;;15;-56.59
-5659;1.2;0;0;105;6;;;15;-56.59
-5659;1.2;0;0;105;6;;;15;-56.59
-5659;1.2;0;0;105;6;;;15;-56.59
-5668;1.2;0;0;105;6;;;15;-56.68
-5678;1.2;0;0;105;6;;;15;-56.78
-5781;1.2;0;0;110;6;;;20;-57.81
-5781;1.2;0;0;110;6;;;20;-57.81
-5781;1.2;0;0;110;6;;;20;-57.81
-5790;1.2;0;0;110;6;;;20;-57.9
-5800;1.2;0;0;110;6;;;20;-58
-5772;1.2;0;0;110;6;;;20;-57.72
-5753;1.2;0;0;115;6;;;25;-57.53
-5734;1.2;0;0;115;6;;;25;-57.34
-5762;1.2;0;0;115;6;;;25;-57.62
-5743;1.2;0;0;115;6;;;25;-57.43
-5734;1.2;0;0;115;6;;;25;-57.34
-5753;1.2;0;0;115;6;;;25;-57.53
-5880;1.2;0;0;120;6;;;30;-58.8
-5870;1.2;0;0;120;6;;;30;-58.7
-5899;1.2;0;0;120;6;;;30;-58.99
-5880;1.2;0;0;120;6;;;30;-58.8
-5889;1.2;0;0;120;6;;;30;-58.89
-5880;1.2;0;0;120;6;;;30;-58.8
-5880;1.2;0;0;120;6;;;30;-58.8
-5988;1.2;0;0;125;6;;;35;-59.88
-5969;1.2;0;0;125;6;;;35;-59.69
-5988;1.2;0;0;125;6;;;35;-59.88
-5978;1.2;0;0;125;6;;;35;-59.78
-5997;1.2;0;0;125;6;;;35;-59.97
-5960;1.2;0;0;125;6;;;35;-59.6
-6082;1.2;0;0;130;6;;;40;-60.82
-6101;1.2;0;0;130;6;;;40;-61.01
-6110;1.2;0;0;130;6;;;40;-61.1
-6082;1.2;0;0;130;6;;;40;-60.82
-6101;1.2;0;0;130;6;;;40;-61.01
-6119;1.2;0;0;130;6;;;40;-61.19
-6110;1.2;0;0;130;6;;;40;-61.1
-6326;1.2;0;0;135;6;;;45;-63.26
-6326;1.2;0;0;135;6;;;45;-63.26
-6383;1.2;0;0;135;6;;;45;-63.83
-6364;1.2;0;0;135;6;;;45;-63.64
-6345;1.2;0;0;135;6;;;45;-63.45
-6345;1.2;0;0;135;6;;;45;-63.45
-6477;1.2;0;0;140;6;;;50;-64.77
-6411;1.2;0;0;140;6;;;50;-64.11
-6495;1.2;0;0;140;6;;;50;-64.95
-6439;1.2;0;0;140;6;;;50;-64.39
-6477;1.2;0;0;140;6;;;50;-64.77
-6448;1.2;0;0;140;6;;;50;-64.48
-6636;1.2;0;0;145;6;;;55;-66.36
-6730;1.2;0;0;145;6;;;55;-67.3
-6702;1.2;0;0;145;6;;;55;-67.02
-6712;1.2;0;0;145;6;;;55;-67.12
-6702;1.2;0;0;145;6;;;55;-67.02
-6683;1.2;0;0;145;6;;;55;-66.83
-6933;1.2;0;0;150;6;;;60;-69.33
-6933;1.2;0;0;150;6;;;60;-69.33
-6961;1.2;0;0;150;6;;;60;-69.61
-6942;1.2;0;0;150;6;;;60;-69.42
-6942;1.2;0;0;150;6;;;60;-69.42
-6923;1.2;0;0;150;6;;;60;-69.23
-7153;1.2;0;0;155;6;;;65;-71.53
-7172;1.2;0;0;155;6;;;65;-71.72
-7172;1.2;0;0;155;6;;;65;-71.72
-7393;1.2;0;0;160;6;;;70;-73.93
-7384;1.2;0;0;160;6;;;70;-73.84
-7365;1.2;0;0;160;6;;;70;-73.65
-7337;1.2;0;0;160;6;;;70;-73.37
-7365;1.2;0;0;160;6;;;70;-73.65
-7337;1.2;0;0;160;6;;;70;-73.37
-7576;1.2;0;0;165;6;;;75;-75.76
-7529;1.2;0;0;165;6;;;75;-75.29
-7727;1.2;0;0;165;6;;;75;-77.27
-7595;1.2;0;0;165;6;;;75;-75.95
-7661;1.2;0;0;165;6;;;75;-76.61
-7642;1.2;0;0;165;6;;;75;-76.42
-8084;1.2;0;0;170;6;;;80;-80.84
-8093;1.2;0;0;170;6;;;80;-80.93
-8028;1.2;0;0;170;6;;;80;-80.28
-5588;1.2;0;0;85;6;;;-5;-55.88
-5617;1.2;0;0;85;6;;;-5;-56.17
-5617;1.2;0;0;85;6;;;-5;-56.17
-5598;1.2;0;0;85;6;;;-5;-55.98
-5607;1.2;0;0;85;6;;;-5;-56.07
-5598;1.2;0;0;85;6;;;-5;-55.98
-5617;1.2;0;0;85;6;;;-5;-56.17
-5682;1.2;0;0;80;6;;;-10;-56.82
-5701;1.2;0;0;80;6;;;-10;-57.01
-5711;1.2;0;0;80;6;;;-10;-57.11
-5729;1.2;0;0;80;6;;;-10;-57.29
-5701;1.2;0;0;80;6;;;-10;-57.01
-5720;1.2;0;0;80;6;;;-10;-57.2
-5734;1.2;0;0;75;6;;;-15;-57.34
-5734;1.2;0;0;75;6;;;-15;-57.34
-5725;1.2;0;0;75;6;;;-15;-57.25
-5753;1.2;0;0;75;6;;;-15;-57.53
-5762;1.2;0;0;75;6;;;-15;-57.62
-5734;1.2;0;0;75;6;;;-15;-57.34
-5814;1.2;0;0;70;6;;;-20;-58.14
-5842;1.2;0;0;70;6;;;-20;-58.42
-5833;1.2;0;0;70;6;;;-20;-58.33
-5823;1.2;0;0;70;6;;;-20;-58.23
-5833;1.2;0;0;70;6;;;-20;-58.33
-5833;1.2;0;0;70;6;;;-20;-58.33
-5988;1.2;0;0;65;6;;;-25;-59.88
-5997;1.2;0;0;65;6;;;-25;-59.97
-6016;1.2;0;0;65;6;;;-25;-60.16
-5969;1.2;0;0;65;6;;;-25;-59.69
-6007;1.2;0;0;65;6;;;-25;-60.07
-6007;1.2;0;0;65;6;;;-25;-60.07
-6072;1.2;0;0;60;6;;;-30;-60.72
-6063;1.2;0;0;60;6;;;-30;-60.63
-6063;1.2;0;0;60;6;;;-30;-60.63
-6054;1.2;0;0;60;6;;;-30;-60.54
-6054;1.2;0;0;60;6;;;-30;-60.54
-6054;1.2;0;0;60;6;;;-30;-60.54
-6218;1.2;0;0;55;6;;;-35;-62.18
-6218;1.2;0;0;55;6;;;-35;-62.18
-6228;1.2;0;0;55;6;;;-35;-62.28
-6228;1.2;0;0;55;6;;;-35;-62.28
-6218;1.2;0;0;55;6;;;-35;-62.18
-6190;1.2;0;0;55;6;;;-35;-61.9
-6190;1.2;0;0;55;6;;;-35;-61.9
-6322;1.2;0;0;50;6;;;-40;-63.22
-6340;1.2;0;0;50;6;;;-40;-63.4
-6331;1.2;0;0;50;6;;;-40;-63.31
-6340;1.2;0;0;50;6;;;-40;-63.4
-6312;1.2;0;0;50;6;;;-40;-63.12
-6340;1.2;0;0;50;6;;;-40;-63.4
-6486;1.2;0;0;45;6;;;-45;-64.86
-6505;1.2;0;0;45;6;;;-45;-65.05
-6505;1.2;0;0;45;6;;;-45;-65.05
-6486;1.2;0;0;45;6;;;-45;-64.86
-6486;1.2;0;0;45;6;;;-45;-64.86
-6514;1.2;0;0;45;6;;;-45;-65.14
-6505;1.2;0;0;45;6;;;-45;-65.05
-6693;1.2;0;0;40;6;;;-50;-66.93
-6712;1.2;0;0;40;6;;;-50;-67.12
-6712;1.2;0;0;40;6;;;-50;-67.12
-6702;1.2;0;0;40;6;;;-50;-67.02
-6683;1.2;0;0;40;6;;;-50;-66.83
-6730;1.2;0;0;40;6;;;-50;-67.3
-6712;1.2;0;0;40;6;;;-50;-67.12
-6796;1.2;0;0;35;6;;;-55;-67.96
-6815;1.2;0;0;35;6;;;-55;-68.15
-6815;1.2;0;0;35;6;;;-55;-68.15
-6815;1.2;0;0;35;6;;;-55;-68.15
-6806;1.2;0;0;35;6;;;-55;-68.06
-6796;1.2;0;0;35;6;;;-55;-67.96
-7092;1.2;0;0;30;6;;;-60;-70.92
-7092;1.2;0;0;30;6;;;-60;-70.92
-7111;1.2;0;0;30;6;;;-60;-71.11
-7111;1.2;0;0;30;6;;;-60;-71.11
-7139;1.2;0;0;30;6;;;-60;-71.39
-7102;1.2;0;0;30;6;;;-60;-71.02
-7092;1.2;0;0;30;6;;;-60;-70.92
-7313;1.2;0;0;25;6;;;-65;-73.13
-7341;1.2;0;0;25;6;;;-65;-73.41
-7341;1.2;0;0;25;6;;;-65;-73.41
-7351;1.2;0;0;25;6;;;-65;-73.51
-7370;1.2;0;0;25;6;;;-65;-73.7
-7341;1.2;0;0;25;6;;;-65;-73.41
-7360;1.2;0;0;25;6;;;-65;-73.6
-7384;1.2;0;0;20;6;;;-70;-73.84
-7412;1.2;0;0;20;6;;;-70;-74.12
-7384;1.2;0;0;20;6;;;-70;-73.84
-7356;1.2;0;0;20;6;;;-70;-73.56
-7356;1.2;0;0;20;6;;;-70;-73.56
-7393;1.2;0;0;20;6;;;-70;-73.93
-7384;1.2;0;0;20;6;;;-70;-73.84
-7487;1.2;0;0;15;6;;;-75;-74.87
-7525;1.2;0;0;15;6;;;-75;-75.25
-7468;1.2;0;0;15;6;;;-75;-74.68
-7459;1.2;0;0;15;6;;;-75;-74.59
-7506;1.2;0;0;15;6;;;-75;-75.06
-7478;1.2;0;0;15;6;;;-75;-74.78
-7478;1.2;0;0;15;6;;;-75;-74.78
-5602;1.2;0;0;90;7;;;0;-56.02
-5593;1.2;0;0;90;7;;;0;-55.93
-5593;1.2;0;0;90;7;;;0;-55.93
-5602;1.2;0;0;90;7;;;0;-56.02
-5612;1.2;0;0;90;7;;;0;-56.12
-5612;1.2;0;0;90;7;;;0;-56.12
-5602;1.2;0;0;90;7;;;0;-56.02
-5621;1.2;0;0;95;7;;;5;-56.21
-5602;1.2;0;0;95;7;;;5;-56.02
-5602;1.2;0;0;95;7;;;5;-56.02
-5621;1.2;0;0;95;7;;;5;-56.21
-5612;1.2;0;0;95;7;;;5;-56.12
-5602;1.2;0;0;95;7;;;5;-56.02
-5565;1.2;0;0;100;7;;;10;-55.65
-5555;1.2;0;0;100;7;;;10;-55.55
-5565;1.2;0;0;100;7;;;10;-55.65
-5565;1.2;0;0;100;7;;;10;-55.65
-5565;1.2;0;0;100;7;;;10;-55.65
-5555;1.2;0;0;100;7;;;10;-55.55
-5555;1.2;0;0;100;7;;;10;-55.55
-5584;1.2;0;0;105;7;;;15;-55.84
-5593;1.2;0;0;105;7;;;15;-55.93
-5602;1.2;0;0;105;7;;;15;-56.02
-5593;1.2;0;0;105;7;;;15;-55.93
-5584;1.2;0;0;105;7;;;15;-55.84
-5593;1.2;0;0;105;7;;;15;-55.93
-5706;1.2;0;0;110;7;;;20;-57.06
-5725;1.2;0;0;110;7;;;20;-57.25
-5715;1.2;0;0;110;7;;;20;-57.15
-5706;1.2;0;0;110;7;;;20;-57.06
-5706;1.2;0;0;110;7;;;20;-57.06
-5715;1.2;0;0;110;7;;;20;-57.15
-5753;1.2;0;0;115;7;;;25;-57.53
-5743;1.2;0;0;115;7;;;25;-57.43
-5753;1.2;0;0;115;7;;;25;-57.53
-5743;1.2;0;0;115;7;;;25;-57.43
-5762;1.2;0;0;115;7;;;25;-57.62
-5781;1.2;0;0;115;7;;;25;-57.81
-5772;1.2;0;0;115;7;;;25;-57.72
-5809;1.2;0;0;120;7;;;30;-58.09
-5819;1.2;0;0;120;7;;;30;-58.19
-5819;1.2;0;0;120;7;;;30;-58.19
-5809;1.2;0;0;120;7;;;30;-58.09
-5781;1.2;0;0;120;7;;;30;-57.81
-5837;1.2;0;0;120;7;;;30;-58.37
-5931;1.2;0;0;125;7;;;35;-59.31
-5941;1.2;0;0;125;7;;;35;-59.41
-5960;1.2;0;0;125;7;;;35;-59.6
-5931;1.2;0;0;125;7;;;35;-59.31
-5931;1.2;0;0;125;7;;;35;-59.31
-5941;1.2;0;0;125;7;;;35;-59.41
-5922;1.2;0;0;125;7;;;35;-59.22
-6115;1.2;0;0;130;7;;;40;-61.15
-6105;1.2;0;0;130;7;;;40;-61.05
-6096;1.2;0;0;130;7;;;40;-60.96
-6124;1.2;0;0;130;7;;;40;-61.24
-6087;1.2;0;0;130;7;;;40;-60.87
-6134;1.2;0;0;130;7;;;40;-61.34
-6293;1.2;0;0;135;7;;;45;-62.93
-6331;1.2;0;0;135;7;;;45;-63.31
-6303;1.2;0;0;135;7;;;45;-63.03
-6322;1.2;0;0;135;7;;;45;-63.22
-6312;1.2;0;0;135;7;;;45;-63.12
-6312;1.2;0;0;135;7;;;45;-63.12
-6557;1.2;0;0;140;7;;;50;-65.57
-6538;1.2;0;0;140;7;;;50;-65.38
-6500;1.2;0;0;140;7;;;50;-65
-6510;1.2;0;0;140;7;;;50;-65.1
-6510;1.2;0;0;140;7;;;50;-65.1
-6510;1.2;0;0;140;7;;;50;-65.1
-6777;1.2;0;0;145;7;;;55;-67.77
-6730;1.2;0;0;145;7;;;55;-67.3
-6674;1.2;0;0;145;7;;;55;-66.74
-6702;1.2;0;0;145;7;;;55;-67.02
-6674;1.2;0;0;145;7;;;55;-66.74
-6693;1.2;0;0;145;7;;;55;-66.93
-6975;1.2;0;0;150;7;;;60;-69.75
-6994;1.2;0;0;150;7;;;60;-69.94
-6928;1.2;0;0;150;7;;;60;-69.28
-7003;1.2;0;0;150;7;;;60;-70.03
-6994;1.2;0;0;150;7;;;60;-69.94
-7003;1.2;0;0;150;7;;;60;-70.03
-6975;1.2;0;0;150;7;;;60;-69.75
-7224;1.2;0;0;155;7;;;65;-72.24
-7309;1.2;0;0;155;7;;;65;-73.09
-7215;1.2;0;0;155;7;;;65;-72.15
-7224;1.2;0;0;155;7;;;65;-72.24
-7224;1.2;0;0;155;7;;;65;-72.24
-7388;1.2;0;0;160;7;;;70;-73.88
-7482;1.2;0;0;160;7;;;70;-74.82
-7426;1.2;0;0;160;7;;;70;-74.26
-7379;1.2;0;0;160;7;;;70;-73.79
-7426;1.2;0;0;160;7;;;70;-74.26
-7435;1.2;0;0;160;7;;;70;-74.35
-7407;1.2;0;0;160;7;;;70;-74.07
-7591;1.2;0;0;165;7;;;75;-75.91
-7619;1.2;0;0;165;7;;;75;-76.19
-7638;1.2;0;0;165;7;;;75;-76.38
-7562;1.2;0;0;165;7;;;75;-75.62
-7459;1.2;0;0;165;7;;;75;-74.59
-7863;1.2;0;0;170;7;;;80;-78.63
-7713;1.2;0;0;170;7;;;80;-77.13
-7769;1.2;0;0;170;7;;;80;-77.69
-7826;1.2;0;0;170;7;;;80;-78.26
-7816;1.2;0;0;170;7;;;80;-78.16
-7788;1.2;0;0;170;7;;;80;-77.88
-7826;1.2;0;0;170;7;;;80;-78.26
-5612;1.2;0;0;85;7;;;-5;-56.12
-5621;1.2;0;0;85;7;;;-5;-56.21
-5602;1.2;0;0;85;7;;;-5;-56.02
-5621;1.2;0;0;85;7;;;-5;-56.21
-5612;1.2;0;0;85;7;;;-5;-56.12
-5602;1.2;0;0;85;7;;;-5;-56.02
-5649;1.2;0;0;80;7;;;-10;-56.49
-5649;1.2;0;0;80;7;;;-10;-56.49
-5659;1.2;0;0;80;7;;;-10;-56.59
-5649;1.2;0;0;80;7;;;-10;-56.49
-5649;1.2;0;0;80;7;;;-10;-56.49
-5678;1.2;0;0;80;7;;;-10;-56.78
-5753;1.2;0;0;75;7;;;-15;-57.53
-5772;1.2;0;0;75;7;;;-15;-57.72
-5753;1.2;0;0;75;7;;;-15;-57.53
-5762;1.2;0;0;75;7;;;-15;-57.62
-5753;1.2;0;0;75;7;;;-15;-57.53
-5772;1.2;0;0;75;7;;;-15;-57.72
-5819;1.2;0;0;70;7;;;-20;-58.19
-5828;1.2;0;0;70;7;;;-20;-58.28
-5828;1.2;0;0;70;7;;;-20;-58.28
-5837;1.2;0;0;70;7;;;-20;-58.37
-5809;1.2;0;0;70;7;;;-20;-58.09
-5819;1.2;0;0;70;7;;;-20;-58.19
-5913;1.2;0;0;65;7;;;-25;-59.13
-5913;1.2;0;0;65;7;;;-25;-59.13
-5922;1.2;0;0;65;7;;;-25;-59.22
-5913;1.2;0;0;65;7;;;-25;-59.13
-5894;1.2;0;0;65;7;;;-25;-58.94
-5903;1.2;0;0;65;7;;;-25;-59.03
-5913;1.2;0;0;65;7;;;-25;-59.13
-6040;1.2;0;0;60;7;;;-30;-60.4
-6058;1.2;0;0;60;7;;;-30;-60.58
-6040;1.2;0;0;60;7;;;-30;-60.4
-6068;1.2;0;0;60;7;;;-30;-60.68
-6049;1.2;0;0;60;7;;;-30;-60.49
-6087;1.2;0;0;60;7;;;-30;-60.87
-6049;1.2;0;0;60;7;;;-30;-60.49
-6166;1.2;0;0;55;7;;;-35;-61.66
-6157;1.2;0;0;55;7;;;-35;-61.57
-6166;1.2;0;0;55;7;;;-35;-61.66
-6157;1.2;0;0;55;7;;;-35;-61.57
-6166;1.2;0;0;55;7;;;-35;-61.66
-6148;1.2;0;0;55;7;;;-35;-61.48
-6166;1.2;0;0;55;7;;;-35;-61.66
-6326;1.2;0;0;50;7;;;-40;-63.26
-6345;1.2;0;0;50;7;;;-40;-63.45
-6326;1.2;0;0;50;7;;;-40;-63.26
-6326;1.2;0;0;50;7;;;-40;-63.26
-6326;1.2;0;0;50;7;;;-40;-63.26
-6326;1.2;0;0;50;7;;;-40;-63.26
-6336;1.2;0;0;50;7;;;-40;-63.36
-6448;1.2;0;0;45;7;;;-45;-64.48
-6439;1.2;0;0;45;7;;;-45;-64.39
-6439;1.2;0;0;45;7;;;-45;-64.39
-6411;1.2;0;0;45;7;;;-45;-64.11
-6448;1.2;0;0;45;7;;;-45;-64.48
-6448;1.2;0;0;45;7;;;-45;-64.48
-6430;1.2;0;0;45;7;;;-45;-64.3
-6707;1.2;0;0;40;7;;;-50;-67.07
-6698;1.2;0;0;40;7;;;-50;-66.98
-6707;1.2;0;0;40;7;;;-50;-67.07
-6688;1.2;0;0;40;7;;;-50;-66.88
-6716;1.2;0;0;40;7;;;-50;-67.16
-6716;1.2;0;0;40;7;;;-50;-67.16
-6707;1.2;0;0;40;7;;;-50;-67.07
-6853;1.2;0;0;35;7;;;-55;-68.53
-6843;1.2;0;0;35;7;;;-55;-68.43
-6815;1.2;0;0;35;7;;;-55;-68.15
-6843;1.2;0;0;35;7;;;-55;-68.43
-6806;1.2;0;0;35;7;;;-55;-68.06
-6824;1.2;0;0;35;7;;;-55;-68.24
-6834;1.2;0;0;35;7;;;-55;-68.34
-7036;1.2;0;0;30;7;;;-60;-70.36
-7045;1.2;0;0;30;7;;;-60;-70.45
-7036;1.2;0;0;30;7;;;-60;-70.36
-7036;1.2;0;0;30;7;;;-60;-70.36
-7074;1.2;0;0;30;7;;;-60;-70.74
-7064;1.2;0;0;30;7;;;-60;-70.64
-7045;1.2;0;0;30;7;;;-60;-70.45
-7144;1.2;0;0;25;7;;;-65;-71.44
-7144;1.2;0;0;25;7;;;-65;-71.44
-7153;1.2;0;0;25;7;;;-65;-71.53
-7191;1.2;0;0;25;7;;;-65;-71.91
-7219;1.2;0;0;25;7;;;-65;-72.19
-7153;1.2;0;0;25;7;;;-65;-71.53
-7482;1.2;0;0;20;7;;;-70;-74.82
-7454;1.2;0;0;20;7;;;-70;-74.54
-7417;1.2;0;0;20;7;;;-70;-74.17
-7445;1.2;0;0;20;7;;;-70;-74.45
-7482;1.2;0;0;20;7;;;-70;-74.82
-7435;1.2;0;0;20;7;;;-70;-74.35
-7548;1.2;0;0;15;7;;;-75;-75.48
-7520;1.2;0;0;15;7;;;-75;-75.2
-7567;1.2;0;0;15;7;;;-75;-75.67
-7539;1.2;0;0;15;7;;;-75;-75.39
-7586;1.2;0;0;15;7;;;-75;-75.86
-7558;1.2;0;0;15;7;;;-75;-75.58
-5602;1.2;0;0;90;8;;;0;-56.02
-5602;1.2;0;0;90;8;;;0;-56.02
-5602;1.2;0;0;90;8;;;0;-56.02
-5612;1.2;0;0;90;8;;;0;-56.12
-5602;1.2;0;0;90;8;;;0;-56.02
-5612;1.2;0;0;90;8;;;0;-56.12
-5555;1.2;0;0;95;8;;;5;-55.55
-5565;1.2;0;0;95;8;;;5;-55.65
-5584;1.2;0;0;95;8;;;5;-55.84
-5574;1.2;0;0;95;8;;;5;-55.74
-5584;1.2;0;0;95;8;;;5;-55.84
-5565;1.2;0;0;95;8;;;5;-55.65
-5640;1.2;0;0;100;8;;;10;-56.4
-5612;1.2;0;0;100;8;;;10;-56.12
-5621;1.2;0;0;100;8;;;10;-56.21
-5640;1.2;0;0;100;8;;;10;-56.4
-5640;1.2;0;0;100;8;;;10;-56.4
-5640;1.2;0;0;100;8;;;10;-56.4
-5621;1.2;0;0;100;8;;;10;-56.21
-5593;1.2;0;0;105;8;;;15;-55.93
-5602;1.2;0;0;105;8;;;15;-56.02
-5602;1.2;0;0;105;8;;;15;-56.02
-5584;1.2;0;0;105;8;;;15;-55.84
-5593;1.2;0;0;105;8;;;15;-55.93
-5602;1.2;0;0;105;8;;;15;-56.02
-5584;1.2;0;0;105;8;;;15;-55.84
-5734;1.2;0;0;110;8;;;20;-57.34
-5725;1.2;0;0;110;8;;;20;-57.25
-5734;1.2;0;0;110;8;;;20;-57.34
-5725;1.2;0;0;110;8;;;20;-57.25
-5753;1.2;0;0;110;8;;;20;-57.53
-5725;1.2;0;0;110;8;;;20;-57.25
-5800;1.2;0;0;115;8;;;25;-58
-5790;1.2;0;0;115;8;;;25;-57.9
-5809;1.2;0;0;115;8;;;25;-58.09
-5809;1.2;0;0;115;8;;;25;-58.09
-5809;1.2;0;0;115;8;;;25;-58.09
-5809;1.2;0;0;115;8;;;25;-58.09
-5781;1.2;0;0;115;8;;;25;-57.81
-5847;1.2;0;0;120;8;;;30;-58.47
-5837;1.2;0;0;120;8;;;30;-58.37
-5837;1.2;0;0;120;8;;;30;-58.37
-5847;1.2;0;0;120;8;;;30;-58.47
-5819;1.2;0;0;120;8;;;30;-58.19
-5837;1.2;0;0;120;8;;;30;-58.37
-5837;1.2;0;0;120;8;;;30;-58.37
-5974;1.2;0;0;125;8;;;35;-59.74
-5974;1.2;0;0;125;8;;;35;-59.74
-5983;1.2;0;0;125;8;;;35;-59.83
-5964;1.2;0;0;125;8;;;35;-59.64
-5974;1.2;0;0;125;8;;;35;-59.74
-5983;1.2;0;0;125;8;;;35;-59.83
-5983;1.2;0;0;125;8;;;35;-59.83
-6091;1.2;0;0;130;8;;;40;-60.91
-6101;1.2;0;0;130;8;;;40;-61.01
-6082;1.2;0;0;130;8;;;40;-60.82
-6110;1.2;0;0;130;8;;;40;-61.1
-6129;1.2;0;0;130;8;;;40;-61.29
-6129;1.2;0;0;130;8;;;40;-61.29
-6312;1.2;0;0;135;8;;;45;-63.12
-6322;1.2;0;0;135;8;;;45;-63.22
-6322;1.2;0;0;135;8;;;45;-63.22
-6312;1.2;0;0;135;8;;;45;-63.12
-6312;1.2;0;0;135;8;;;45;-63.12
-6246;1.2;0;0;135;8;;;45;-62.46
-6322;1.2;0;0;135;8;;;45;-63.22
-6495;1.2;0;0;140;8;;;50;-64.95
-6486;1.2;0;0;140;8;;;50;-64.86
-6514;1.2;0;0;140;8;;;50;-65.14
-6467;1.2;0;0;140;8;;;50;-64.67
-6495;1.2;0;0;140;8;;;50;-64.95
-6514;1.2;0;0;140;8;;;50;-65.14
-6514;1.2;0;0;140;8;;;50;-65.14
-6665;1.2;0;0;145;8;;;55;-66.65
-6599;1.2;0;0;145;8;;;55;-65.99
-6665;1.2;0;0;145;8;;;55;-66.65
-6674;1.2;0;0;145;8;;;55;-66.74
-6627;1.2;0;0;145;8;;;55;-66.27
-6674;1.2;0;0;145;8;;;55;-66.74
-6876;1.2;0;0;150;8;;;60;-68.76
-6857;1.2;0;0;150;8;;;60;-68.57
-6933;1.2;0;0;150;8;;;60;-69.33
-6867;1.2;0;0;150;8;;;60;-68.67
-6904;1.2;0;0;150;8;;;60;-69.04
-6848;1.2;0;0;150;8;;;60;-68.48
-7276;1.2;0;0;155;8;;;65;-72.76
-7182;1.2;0;0;155;8;;;65;-71.82
-7003;1.2;0;0;155;8;;;65;-70.03
-7135;1.2;0;0;155;8;;;65;-71.35
-7238;1.2;0;0;155;8;;;65;-72.38
-7153;1.2;0;0;155;8;;;65;-71.53
-7407;1.2;0;0;160;8;;;70;-74.07
-7388;1.2;0;0;160;8;;;70;-73.88
-7341;1.2;0;0;160;8;;;70;-73.41
-7388;1.2;0;0;160;8;;;70;-73.88
-7426;1.2;0;0;160;8;;;70;-74.26
-7426;1.2;0;0;160;8;;;70;-74.26
-7435;1.2;0;0;160;8;;;70;-74.35
-7619;1.2;0;0;165;8;;;75;-76.19
-7656;1.2;0;0;165;8;;;75;-76.56
-7544;1.2;0;0;165;8;;;75;-75.44
-7534;1.2;0;0;165;8;;;75;-75.34
-7487;1.2;0;0;165;8;;;75;-74.87
-7553;1.2;0;0;165;8;;;75;-75.53
-7793;1.2;0;0;170;8;;;80;-77.93
-7849;1.2;0;0;170;8;;;80;-78.49
-7877;1.2;0;0;170;8;;;80;-78.77
-7811;1.2;0;0;170;8;;;80;-78.11
-7868;1.2;0;0;170;8;;;80;-78.68
-7793;1.2;0;0;170;8;;;80;-77.93
-5602;1.2;0;0;85;8;;;-5;-56.02
-5602;1.2;0;0;85;8;;;-5;-56.02
-5593;1.2;0;0;85;8;;;-5;-55.93
-5612;1.2;0;0;85;8;;;-5;-56.12
-5602;1.2;0;0;85;8;;;-5;-56.02
-5593;1.2;0;0;85;8;;;-5;-55.93
-5649;1.2;0;0;80;8;;;-10;-56.49
-5640;1.2;0;0;80;8;;;-10;-56.4
-5659;1.2;0;0;80;8;;;-10;-56.59
-5640;1.2;0;0;80;8;;;-10;-56.4
-5659;1.2;0;0;80;8;;;-10;-56.59
-5668;1.2;0;0;80;8;;;-10;-56.68
-5649;1.2;0;0;80;8;;;-10;-56.49
-5743;1.2;0;0;75;8;;;-15;-57.43
-5743;1.2;0;0;75;8;;;-15;-57.43
-5734;1.2;0;0;75;8;;;-15;-57.34
-5753;1.2;0;0;75;8;;;-15;-57.53
-5743;1.2;0;0;75;8;;;-15;-57.43
-5743;1.2;0;0;75;8;;;-15;-57.43
-5823;1.2;0;0;70;8;;;-20;-58.23
-5833;1.2;0;0;70;8;;;-20;-58.33
-5814;1.2;0;0;70;8;;;-20;-58.14
-5805;1.2;0;0;70;8;;;-20;-58.05
-5823;1.2;0;0;70;8;;;-20;-58.23
-5814;1.2;0;0;70;8;;;-20;-58.14
-5960;1.2;0;0;65;8;;;-25;-59.6
-5941;1.2;0;0;65;8;;;-25;-59.41
-5960;1.2;0;0;65;8;;;-25;-59.6
-5960;1.2;0;0;65;8;;;-25;-59.6
-5969;1.2;0;0;65;8;;;-25;-59.69
-5969;1.2;0;0;65;8;;;-25;-59.69
-5988;1.2;0;0;65;8;;;-25;-59.88
-6072;1.2;0;0;60;8;;;-30;-60.72
-6082;1.2;0;0;60;8;;;-30;-60.82
-6082;1.2;0;0;60;8;;;-30;-60.82
-6082;1.2;0;0;60;8;;;-30;-60.82
-6082;1.2;0;0;60;8;;;-30;-60.82
-6072;1.2;0;0;60;8;;;-30;-60.72
-6082;1.2;0;0;60;8;;;-30;-60.82
-6157;1.2;0;0;55;8;;;-35;-61.57
-6176;1.2;0;0;55;8;;;-35;-61.76
-6166;1.2;0;0;55;8;;;-35;-61.66
-6157;1.2;0;0;55;8;;;-35;-61.57
-6157;1.2;0;0;55;8;;;-35;-61.57
-6148;1.2;0;0;55;8;;;-35;-61.48
-6317;1.2;0;0;50;8;;;-40;-63.17
-6345;1.2;0;0;50;8;;;-40;-63.45
-6317;1.2;0;0;50;8;;;-40;-63.17
-6354;1.2;0;0;50;8;;;-40;-63.54
-6326;1.2;0;0;50;8;;;-40;-63.26
-6326;1.2;0;0;50;8;;;-40;-63.26
-6326;1.2;0;0;50;8;;;-40;-63.26
-6519;1.2;0;0;45;8;;;-45;-65.19
-6519;1.2;0;0;45;8;;;-45;-65.19
-6500;1.2;0;0;45;8;;;-45;-65
-6519;1.2;0;0;45;8;;;-45;-65.19
-6519;1.2;0;0;45;8;;;-45;-65.19
-6538;1.2;0;0;45;8;;;-45;-65.38
-6519;1.2;0;0;45;8;;;-45;-65.19
-6665;1.2;0;0;40;8;;;-50;-66.65
-6674;1.2;0;0;40;8;;;-50;-66.74
-6674;1.2;0;0;40;8;;;-50;-66.74
-6674;1.2;0;0;40;8;;;-50;-66.74
-6674;1.2;0;0;40;8;;;-50;-66.74
-6721;1.2;0;0;40;8;;;-50;-67.21
-6665;1.2;0;0;40;8;;;-50;-66.65
-6871;1.2;0;0;35;8;;;-55;-68.71
-6881;1.2;0;0;35;8;;;-55;-68.81
-6900;1.2;0;0;35;8;;;-55;-69
-6881;1.2;0;0;35;8;;;-55;-68.81
-6881;1.2;0;0;35;8;;;-55;-68.81
-6890;1.2;0;0;35;8;;;-55;-68.9
-6881;1.2;0;0;35;8;;;-55;-68.81
-7055;1.2;0;0;30;8;;;-60;-70.55
-7055;1.2;0;0;30;8;;;-60;-70.55
-7055;1.2;0;0;30;8;;;-60;-70.55
-7055;1.2;0;0;30;8;;;-60;-70.55
-7074;1.2;0;0;30;8;;;-60;-70.74
-7017;1.2;0;0;30;8;;;-60;-70.17
-7064;1.2;0;0;30;8;;;-60;-70.64
-7276;1.2;0;0;25;8;;;-65;-72.76
-7276;1.2;0;0;25;8;;;-65;-72.76
-7276;1.2;0;0;25;8;;;-65;-72.76
-7266;1.2;0;0;25;8;;;-65;-72.66
-7266;1.2;0;0;25;8;;;-65;-72.66
-7266;1.2;0;0;25;8;;;-65;-72.66
-7266;1.2;0;0;25;8;;;-65;-72.66
-7548;1.2;0;0;20;8;;;-70;-75.48
-7558;1.2;0;0;20;8;;;-70;-75.58
-7558;1.2;0;0;20;8;;;-70;-75.58
-7642;1.2;0;0;20;8;;;-70;-76.42
-7548;1.2;0;0;20;8;;;-70;-75.48
-7558;1.2;0;0;20;8;;;-70;-75.58
-7492;1.2;0;0;20;8;;;-70;-74.92
-7501;1.2;0;0;15;8;;;-75;-75.01
-7492;1.2;0;0;15;8;;;-75;-74.92
-7426;1.2;0;0;15;8;;;-75;-74.26
-7473;1.2;0;0;15;8;;;-75;-74.73
-7511;1.2;0;0;15;8;;;-75;-75.11
-7492;1.2;0;0;15;8;;;-75;-74.92
-5602;1.2;0;0;90;9;;;0;-56.02
-5593;1.2;0;0;90;9;;;0;-55.93
-5593;1.2;0;0;90;9;;;0;-55.93
-5602;1.2;0;0;90;9;;;0;-56.02
-5602;1.2;0;0;90;9;;;0;-56.02
-5612;1.2;0;0;90;9;;;0;-56.12
-5565;1.2;0;0;95;9;;;5;-55.65
-5574;1.2;0;0;95;9;;;5;-55.74
-5565;1.2;0;0;95;9;;;5;-55.65
-5574;1.2;0;0;95;9;;;5;-55.74
-5584;1.2;0;0;95;9;;;5;-55.84
-5574;1.2;0;0;95;9;;;5;-55.74
-5649;1.2;0;0;100;9;;;10;-56.49
-5631;1.2;0;0;100;9;;;10;-56.31
-5640;1.2;0;0;100;9;;;10;-56.4
-5649;1.2;0;0;100;9;;;10;-56.49
-5631;1.2;0;0;100;9;;;10;-56.31
-5649;1.2;0;0;100;9;;;10;-56.49
-5555;1.2;0;0;105;9;;;15;-55.55
-5555;1.2;0;0;105;9;;;15;-55.55
-5565;1.2;0;0;105;9;;;15;-55.65
-5555;1.2;0;0;105;9;;;15;-55.55
-5555;1.2;0;0;105;9;;;15;-55.55
-5555;1.2;0;0;105;9;;;15;-55.55
-5555;1.2;0;0;105;9;;;15;-55.55
-5725;1.2;0;0;110;9;;;20;-57.25
-5734;1.2;0;0;110;9;;;20;-57.34
-5743;1.2;0;0;110;9;;;20;-57.43
-5753;1.2;0;0;110;9;;;20;-57.53
-5743;1.2;0;0;110;9;;;20;-57.43
-5753;1.2;0;0;110;9;;;20;-57.53
-5833;1.2;0;0;115;9;;;25;-58.33
-5814;1.2;0;0;115;9;;;25;-58.14
-5786;1.2;0;0;115;9;;;25;-57.86
-5767;1.2;0;0;115;9;;;25;-57.67
-5758;1.2;0;0;115;9;;;25;-57.58
-5748;1.2;0;0;115;9;;;25;-57.48
-5833;1.2;0;0;120;9;;;30;-58.33
-5842;1.2;0;0;120;9;;;30;-58.42
-5861;1.2;0;0;120;9;;;30;-58.61
-5842;1.2;0;0;120;9;;;30;-58.42
-5852;1.2;0;0;120;9;;;30;-58.52
-5842;1.2;0;0;120;9;;;30;-58.42
-5852;1.2;0;0;120;9;;;30;-58.52
-5983;1.2;0;0;125;9;;;35;-59.83
-6011;1.2;0;0;125;9;;;35;-60.11
-5993;1.2;0;0;125;9;;;35;-59.93
-5993;1.2;0;0;125;9;;;35;-59.93
-6011;1.2;0;0;125;9;;;35;-60.11
-5993;1.2;0;0;125;9;;;35;-59.93
-5993;1.2;0;0;125;9;;;35;-59.93
-6072;1.2;0;0;130;9;;;40;-60.72
-6082;1.2;0;0;130;9;;;40;-60.82
-6063;1.2;0;0;130;9;;;40;-60.63
-6063;1.2;0;0;130;9;;;40;-60.63
-6082;1.2;0;0;130;9;;;40;-60.82
-6082;1.2;0;0;130;9;;;40;-60.82
-6063;1.2;0;0;130;9;;;40;-60.63
-6298;1.2;0;0;135;9;;;45;-62.98
-6317;1.2;0;0;135;9;;;45;-63.17
-6317;1.2;0;0;135;9;;;45;-63.17
-6307;1.2;0;0;135;9;;;45;-63.07
-6326;1.2;0;0;135;9;;;45;-63.26
-6354;1.2;0;0;135;9;;;45;-63.54
-6270;1.2;0;0;135;9;;;45;-62.7
-6566;1.2;0;0;140;9;;;50;-65.66
-6538;1.2;0;0;140;9;;;50;-65.38
-6510;1.2;0;0;140;9;;;50;-65.1
-6557;1.2;0;0;140;9;;;50;-65.57
-6528;1.2;0;0;140;9;;;50;-65.28
-6538;1.2;0;0;140;9;;;50;-65.38
-6547;1.2;0;0;140;9;;;50;-65.47
-6716;1.2;0;0;145;9;;;55;-67.16
-6735;1.2;0;0;145;9;;;55;-67.35
-6716;1.2;0;0;145;9;;;55;-67.16
-6716;1.2;0;0;145;9;;;55;-67.16
-6754;1.2;0;0;145;9;;;55;-67.54
-6735;1.2;0;0;145;9;;;55;-67.35
-6669;1.2;0;0;145;9;;;55;-66.69
-6942;1.2;0;0;150;9;;;60;-69.42
-6970;1.2;0;0;150;9;;;60;-69.7
-6933;1.2;0;0;150;9;;;60;-69.33
-6933;1.2;0;0;150;9;;;60;-69.33
-6951;1.2;0;0;150;9;;;60;-69.51
-6942;1.2;0;0;150;9;;;60;-69.42
-7200;1.2;0;0;155;9;;;65;-72
-7257;1.2;0;0;155;9;;;65;-72.57
-7229;1.2;0;0;155;9;;;65;-72.29
-7219;1.2;0;0;155;9;;;65;-72.19
-7304;1.2;0;0;155;9;;;65;-73.04
-7327;1.2;0;0;160;9;;;70;-73.27
-7403;1.2;0;0;160;9;;;70;-74.03
-7412;1.2;0;0;160;9;;;70;-74.12
-7262;1.2;0;0;160;9;;;70;-72.62
-7393;1.2;0;0;160;9;;;70;-73.93
-7365;1.2;0;0;160;9;;;70;-73.65
-7647;1.2;0;0;165;9;;;75;-76.47
-7562;1.2;0;0;165;9;;;75;-75.62
-7666;1.2;0;0;165;9;;;75;-76.66
-7619;1.2;0;0;165;9;;;75;-76.19
-7666;1.2;0;0;165;9;;;75;-76.66
-7656;1.2;0;0;165;9;;;75;-76.56
-7990;1.2;0;0;170;9;;;80;-79.9
-7905;1.2;0;0;170;9;;;80;-79.05
-7896;1.2;0;0;170;9;;;80;-78.96
-7830;1.2;0;0;170;9;;;80;-78.3
-8018;1.2;0;0;170;9;;;80;-80.18
-5602;1.2;0;0;85;9;;;-5;-56.02
-5621;1.2;0;0;85;9;;;-5;-56.21
-5602;1.2;0;0;85;9;;;-5;-56.02
-5621;1.2;0;0;85;9;;;-5;-56.21
-5621;1.2;0;0;85;9;;;-5;-56.21
-5602;1.2;0;0;85;9;;;-5;-56.02
-5602;1.2;0;0;85;9;;;-5;-56.02
-5640;1.2;0;0;80;9;;;-10;-56.4
-5659;1.2;0;0;80;9;;;-10;-56.59
-5649;1.2;0;0;80;9;;;-10;-56.49
-5668;1.2;0;0;80;9;;;-10;-56.68
-5668;1.2;0;0;80;9;;;-10;-56.68
-5659;1.2;0;0;80;9;;;-10;-56.59
-5739;1.2;0;0;75;9;;;-15;-57.39
-5720;1.2;0;0;75;9;;;-15;-57.2
-5729;1.2;0;0;75;9;;;-15;-57.29
-5729;1.2;0;0;75;9;;;-15;-57.29
-5739;1.2;0;0;75;9;;;-15;-57.39
-5720;1.2;0;0;75;9;;;-15;-57.2
-5833;1.2;0;0;70;9;;;-20;-58.33
-5823;1.2;0;0;70;9;;;-20;-58.23
-5842;1.2;0;0;70;9;;;-20;-58.42
-5833;1.2;0;0;70;9;;;-20;-58.33
-5823;1.2;0;0;70;9;;;-20;-58.23
-5814;1.2;0;0;70;9;;;-20;-58.14
-5922;1.2;0;0;65;9;;;-25;-59.22
-5931;1.2;0;0;65;9;;;-25;-59.31
-5922;1.2;0;0;65;9;;;-25;-59.22
-5913;1.2;0;0;65;9;;;-25;-59.13
-5922;1.2;0;0;65;9;;;-25;-59.22
-5931;1.2;0;0;65;9;;;-25;-59.31
-5913;1.2;0;0;65;9;;;-25;-59.13
-6091;1.2;0;0;60;9;;;-30;-60.91
-6091;1.2;0;0;60;9;;;-30;-60.91
-6082;1.2;0;0;60;9;;;-30;-60.82
-6101;1.2;0;0;60;9;;;-30;-61.01
-6091;1.2;0;0;60;9;;;-30;-60.91
-6082;1.2;0;0;60;9;;;-30;-60.82
-6091;1.2;0;0;60;9;;;-30;-60.91
-6232;1.2;0;0;55;9;;;-35;-62.32
-6213;1.2;0;0;55;9;;;-35;-62.13
-6213;1.2;0;0;55;9;;;-35;-62.13
-6242;1.2;0;0;55;9;;;-35;-62.42
-6204;1.2;0;0;55;9;;;-35;-62.04
-6223;1.2;0;0;55;9;;;-35;-62.23
-6213;1.2;0;0;55;9;;;-35;-62.13
-6439;1.2;0;0;50;9;;;-40;-64.39
-6411;1.2;0;0;50;9;;;-40;-64.11
-6439;1.2;0;0;50;9;;;-40;-64.39
-6430;1.2;0;0;50;9;;;-40;-64.3
-6430;1.2;0;0;50;9;;;-40;-64.3
-6401;1.2;0;0;50;9;;;-40;-64.01
-6420;1.2;0;0;50;9;;;-40;-64.2
-6514;1.2;0;0;45;9;;;-45;-65.14
-6505;1.2;0;0;45;9;;;-45;-65.05
-6486;1.2;0;0;45;9;;;-45;-64.86
-6514;1.2;0;0;45;9;;;-45;-65.14
-6495;1.2;0;0;45;9;;;-45;-64.95
-6505;1.2;0;0;45;9;;;-45;-65.05
-6486;1.2;0;0;45;9;;;-45;-64.86
-6636;1.2;0;0;40;9;;;-50;-66.36
-6627;1.2;0;0;40;9;;;-50;-66.27
-6636;1.2;0;0;40;9;;;-50;-66.36
-6608;1.2;0;0;40;9;;;-50;-66.08
-6636;1.2;0;0;40;9;;;-50;-66.36
-6627;1.2;0;0;40;9;;;-50;-66.27
-6895;1.2;0;0;35;9;;;-55;-68.95
-6876;1.2;0;0;35;9;;;-55;-68.76
-6857;1.2;0;0;35;9;;;-55;-68.57
-6914;1.2;0;0;35;9;;;-55;-69.14
-6876;1.2;0;0;35;9;;;-55;-68.76
-6895;1.2;0;0;35;9;;;-55;-68.95
-6914;1.2;0;0;35;9;;;-55;-69.14
-7027;1.2;0;0;30;9;;;-60;-70.27
-7036;1.2;0;0;30;9;;;-60;-70.36
-7092;1.2;0;0;30;9;;;-60;-70.92
-7064;1.2;0;0;30;9;;;-60;-70.64
-7036;1.2;0;0;30;9;;;-60;-70.36
-7055;1.2;0;0;30;9;;;-60;-70.55
-7036;1.2;0;0;30;9;;;-60;-70.36
-7276;1.2;0;0;25;9;;;-65;-72.76
-7323;1.2;0;0;25;9;;;-65;-73.23
-7238;1.2;0;0;25;9;;;-65;-72.38
-7285;1.2;0;0;25;9;;;-65;-72.85
-7313;1.2;0;0;25;9;;;-65;-73.13
-7285;1.2;0;0;25;9;;;-65;-72.85
-7257;1.2;0;0;25;9;;;-65;-72.57
-7412;1.2;0;0;20;9;;;-70;-74.12
-7374;1.2;0;0;20;9;;;-70;-73.74
-7431;1.2;0;0;20;9;;;-70;-74.31
-7459;1.2;0;0;20;9;;;-70;-74.59
-7412;1.2;0;0;20;9;;;-70;-74.12
-7459;1.2;0;0;20;9;;;-70;-74.59
-7431;1.2;0;0;20;9;;;-70;-74.31
-7553;1.2;0;0;15;9;;;-75;-75.53
-7525;1.2;0;0;15;9;;;-75;-75.25
-7591;1.2;0;0;15;9;;;-75;-75.91
-7553;1.2;0;0;15;9;;;-75;-75.53
-7591;1.2;0;0;15;9;;;-75;-75.91
-7572;1.2;0;0;15;9;;;-75;-75.72
-7534;1.2;0;0;15;9;;;-75;-75.34
-5598;1.2;0;0;90;10;;;0;-55.98
-5607;1.2;0;0;90;10;;;0;-56.07
-5607;1.2;0;0;90;10;;;0;-56.07
-5617;1.2;0;0;90;10;;;0;-56.17
-5617;1.2;0;0;90;10;;;0;-56.17
-5617;1.2;0;0;90;10;;;0;-56.17
-5598;1.2;0;0;95;10;;;5;-55.98
-5617;1.2;0;0;95;10;;;5;-56.17
-5607;1.2;0;0;95;10;;;5;-56.07
-5617;1.2;0;0;95;10;;;5;-56.17
-5598;1.2;0;0;95;10;;;5;-55.98
-5617;1.2;0;0;95;10;;;5;-56.17
-5607;1.2;0;0;95;10;;;5;-56.07
-5649;1.2;0;0;100;10;;;10;-56.49
-5640;1.2;0;0;100;10;;;10;-56.4
-5678;1.2;0;0;100;10;;;10;-56.78
-5640;1.2;0;0;100;10;;;10;-56.4
-5640;1.2;0;0;100;10;;;10;-56.4
-5659;1.2;0;0;100;10;;;10;-56.59
-5640;1.2;0;0;100;10;;;10;-56.4
-5584;1.2;0;0;105;10;;;15;-55.84
-5584;1.2;0;0;105;10;;;15;-55.84
-5565;1.2;0;0;105;10;;;15;-55.65
-5584;1.2;0;0;105;10;;;15;-55.84
-5602;1.2;0;0;105;10;;;15;-56.02
-5584;1.2;0;0;105;10;;;15;-55.84
-5772;1.2;0;0;110;10;;;20;-57.72
-5772;1.2;0;0;110;10;;;20;-57.72
-5762;1.2;0;0;110;10;;;20;-57.62
-5790;1.2;0;0;110;10;;;20;-57.9
-5790;1.2;0;0;110;10;;;20;-57.9
-5790;1.2;0;0;110;10;;;20;-57.9
-5762;1.2;0;0;110;10;;;20;-57.62
-5734;1.2;0;0;115;10;;;25;-57.34
-5725;1.2;0;0;115;10;;;25;-57.25
-5725;1.2;0;0;115;10;;;25;-57.25
-5743;1.2;0;0;115;10;;;25;-57.43
-5762;1.2;0;0;115;10;;;25;-57.62
-5753;1.2;0;0;115;10;;;25;-57.53
-5819;1.2;0;0;120;10;;;30;-58.19
-5856;1.2;0;0;120;10;;;30;-58.56
-5847;1.2;0;0;120;10;;;30;-58.47
-5837;1.2;0;0;120;10;;;30;-58.37
-5837;1.2;0;0;120;10;;;30;-58.37
-5828;1.2;0;0;120;10;;;30;-58.28
-5837;1.2;0;0;120;10;;;30;-58.37
-5988;1.2;0;0;125;10;;;35;-59.88
-5997;1.2;0;0;125;10;;;35;-59.97
-5988;1.2;0;0;125;10;;;35;-59.88
-6007;1.2;0;0;125;10;;;35;-60.07
-6007;1.2;0;0;125;10;;;35;-60.07
-5988;1.2;0;0;125;10;;;35;-59.88
-6129;1.2;0;0;130;10;;;40;-61.29
-6119;1.2;0;0;130;10;;;40;-61.19
-6119;1.2;0;0;130;10;;;40;-61.19
-6129;1.2;0;0;130;10;;;40;-61.29
-6110;1.2;0;0;130;10;;;40;-61.1
-6138;1.2;0;0;130;10;;;40;-61.38
-6298;1.2;0;0;135;10;;;45;-62.98
-6326;1.2;0;0;135;10;;;45;-63.26
-6307;1.2;0;0;135;10;;;45;-63.07
-6307;1.2;0;0;135;10;;;45;-63.07
-6298;1.2;0;0;135;10;;;45;-62.98
-6242;1.2;0;0;135;10;;;45;-62.42
-6467;1.2;0;0;140;10;;;50;-64.67
-6420;1.2;0;0;140;10;;;50;-64.2
-6505;1.2;0;0;140;10;;;50;-65.05
-6533;1.2;0;0;140;10;;;50;-65.33
-6561;1.2;0;0;140;10;;;50;-65.61
-6533;1.2;0;0;140;10;;;50;-65.33
-6707;1.2;0;0;145;10;;;55;-67.07
-6716;1.2;0;0;145;10;;;55;-67.16
-6688;1.2;0;0;145;10;;;55;-66.88
-6716;1.2;0;0;145;10;;;55;-67.16
-6726;1.2;0;0;145;10;;;55;-67.26
-6651;1.2;0;0;145;10;;;55;-66.51
-7059;1.2;0;0;150;10;;;60;-70.59
-6947;1.2;0;0;150;10;;;60;-69.47
-6928;1.2;0;0;150;10;;;60;-69.28
-6947;1.2;0;0;150;10;;;60;-69.47
-6918;1.2;0;0;150;10;;;60;-69.18
-6928;1.2;0;0;150;10;;;60;-69.28
-6918;1.2;0;0;150;10;;;60;-69.18
-7210;1.2;0;0;155;10;;;65;-72.1
-7229;1.2;0;0;155;10;;;65;-72.29
-7144;1.2;0;0;155;10;;;65;-71.44
-7285;1.2;0;0;155;10;;;65;-72.85
-7210;1.2;0;0;155;10;;;65;-72.1
-7257;1.2;0;0;155;10;;;65;-72.57
-7285;1.2;0;0;160;10;;;70;-72.85
-7276;1.2;0;0;160;10;;;70;-72.76
-7294;1.2;0;0;160;10;;;70;-72.94
-7332;1.2;0;0;160;10;;;70;-73.32
-7276;1.2;0;0;160;10;;;70;-72.76
-7351;1.2;0;0;160;10;;;70;-73.51
-7689;1.2;0;0;165;10;;;75;-76.89
-7614;1.2;0;0;165;10;;;75;-76.14
-7614;1.2;0;0;165;10;;;75;-76.14
-7605;1.2;0;0;165;10;;;75;-76.05
-7576;1.2;0;0;165;10;;;75;-75.76
-7652;1.2;0;0;165;10;;;75;-76.52
-7764;1.2;0;0;170;10;;;80;-77.64
-7811;1.2;0;0;170;10;;;80;-78.11
-7736;1.2;0;0;170;10;;;80;-77.36
-7821;1.2;0;0;170;10;;;80;-78.21
-7858;1.2;0;0;170;10;;;80;-78.58
-7783;1.2;0;0;170;10;;;80;-77.83
-5621;1.2;0;0;85;10;;;-5;-56.21
-5602;1.2;0;0;85;10;;;-5;-56.02
-5593;1.2;0;0;85;10;;;-5;-55.93
-5612;1.2;0;0;85;10;;;-5;-56.12
-5621;1.2;0;0;85;10;;;-5;-56.21
-5593;1.2;0;0;85;10;;;-5;-55.93
-5668;1.2;0;0;80;10;;;-10;-56.68
-5659;1.2;0;0;80;10;;;-10;-56.59
-5678;1.2;0;0;80;10;;;-10;-56.78
-5659;1.2;0;0;80;10;;;-10;-56.59
-5678;1.2;0;0;80;10;;;-10;-56.78
-5659;1.2;0;0;80;10;;;-10;-56.59
-5734;1.2;0;0;75;10;;;-15;-57.34
-5743;1.2;0;0;75;10;;;-15;-57.43
-5715;1.2;0;0;75;10;;;-15;-57.15
-5743;1.2;0;0;75;10;;;-15;-57.43
-5715;1.2;0;0;75;10;;;-15;-57.15
-5725;1.2;0;0;75;10;;;-15;-57.25
-5823;1.2;0;0;70;10;;;-20;-58.23
-5833;1.2;0;0;70;10;;;-20;-58.33
-5842;1.2;0;0;70;10;;;-20;-58.42
-5814;1.2;0;0;70;10;;;-20;-58.14
-5833;1.2;0;0;70;10;;;-20;-58.33
-5814;1.2;0;0;70;10;;;-20;-58.14
-5922;1.2;0;0;65;10;;;-25;-59.22
-5922;1.2;0;0;65;10;;;-25;-59.22
-5913;1.2;0;0;65;10;;;-25;-59.13
-5922;1.2;0;0;65;10;;;-25;-59.22
-5941;1.2;0;0;65;10;;;-25;-59.41
-5931;1.2;0;0;65;10;;;-25;-59.31
-6030;1.2;0;0;60;10;;;-30;-60.3
-6030;1.2;0;0;60;10;;;-30;-60.3
-6021;1.2;0;0;60;10;;;-30;-60.21
-6030;1.2;0;0;60;10;;;-30;-60.3
-6040;1.2;0;0;60;10;;;-30;-60.4
-6040;1.2;0;0;60;10;;;-30;-60.4
-6040;1.2;0;0;60;10;;;-30;-60.4
-6195;1.2;0;0;55;10;;;-35;-61.95
-6213;1.2;0;0;55;10;;;-35;-62.13
-6242;1.2;0;0;55;10;;;-35;-62.42
-6213;1.2;0;0;55;10;;;-35;-62.13
-6213;1.2;0;0;55;10;;;-35;-62.13
-6213;1.2;0;0;55;10;;;-35;-62.13
-6392;1.2;0;0;50;10;;;-40;-63.92
-6392;1.2;0;0;50;10;;;-40;-63.92
-6430;1.2;0;0;50;10;;;-40;-64.3
-6401;1.2;0;0;50;10;;;-40;-64.01
-6420;1.2;0;0;50;10;;;-40;-64.2
-6411;1.2;0;0;50;10;;;-40;-64.11
-6420;1.2;0;0;50;10;;;-40;-64.2
-6505;1.2;0;0;45;10;;;-45;-65.05
-6514;1.2;0;0;45;10;;;-45;-65.14
-6505;1.2;0;0;45;10;;;-45;-65.05
-6524;1.2;0;0;45;10;;;-45;-65.24
-6505;1.2;0;0;45;10;;;-45;-65.05
-6505;1.2;0;0;45;10;;;-45;-65.05
-6514;1.2;0;0;45;10;;;-45;-65.14
-6665;1.2;0;0;40;10;;;-50;-66.65
-6674;1.2;0;0;40;10;;;-50;-66.74
-6665;1.2;0;0;40;10;;;-50;-66.65
-6655;1.2;0;0;40;10;;;-50;-66.55
-6674;1.2;0;0;40;10;;;-50;-66.74
-6674;1.2;0;0;40;10;;;-50;-66.74
-6674;1.2;0;0;40;10;;;-50;-66.74
-6867;1.2;0;0;35;10;;;-55;-68.67
-6867;1.2;0;0;35;10;;;-55;-68.67
-6848;1.2;0;0;35;10;;;-55;-68.48
-6867;1.2;0;0;35;10;;;-55;-68.67
-6867;1.2;0;0;35;10;;;-55;-68.67
-6886;1.2;0;0;35;10;;;-55;-68.86
-7017;1.2;0;0;30;10;;;-60;-70.17
-7008;1.2;0;0;30;10;;;-60;-70.08
-7027;1.2;0;0;30;10;;;-60;-70.27
-7064;1.2;0;0;30;10;;;-60;-70.64
-7055;1.2;0;0;30;10;;;-60;-70.55
-7055;1.2;0;0;30;10;;;-60;-70.55
-7017;1.2;0;0;30;10;;;-60;-70.17
-7163;1.2;0;0;25;10;;;-65;-71.63
-7163;1.2;0;0;25;10;;;-65;-71.63
-7116;1.2;0;0;25;10;;;-65;-71.16
-7163;1.2;0;0;25;10;;;-65;-71.63
-7153;1.2;0;0;25;10;;;-65;-71.53
-7172;1.2;0;0;25;10;;;-65;-71.72
-7172;1.2;0;0;25;10;;;-65;-71.72
-7482;1.2;0;0;20;10;;;-70;-74.82
-7426;1.2;0;0;20;10;;;-70;-74.26
-7511;1.2;0;0;20;10;;;-70;-75.11
-7445;1.2;0;0;20;10;;;-70;-74.45
-7548;1.2;0;0;20;10;;;-70;-75.48
-7501;1.2;0;0;20;10;;;-70;-75.01
-7464;1.2;0;0;20;10;;;-70;-74.64
-7384;1.2;0;0;15;10;;;-75;-73.84
-7393;1.2;0;0;15;10;;;-75;-73.93
-7374;1.2;0;0;15;10;;;-75;-73.74
-7356;1.2;0;0;15;10;;;-75;-73.56
-7384;1.2;0;0;15;10;;;-75;-73.84
-7365;1.2;0;0;15;10;;;-75;-73.65
-7412;1.2;0;0;15;10;;;-75;-74.12
