RSSI-Org;alpha;Reading Number;;RSSI
-5795;0;1;;-57.95
-5786;0;1;;-57.86
-5795;0;1;;-57.95
-5805;0;1;;-58.05
-5786;0;1;;-57.86
-5795;0;1;;-57.95
-5786;0;1;;-57.86
-5805;10;1;;-58.05
-5805;10;1;;-58.05
-5823;10;1;;-58.23
-5805;10;1;;-58.05
-5795;10;1;;-57.95
-5805;10;1;;-58.05
-5795;10;1;;-57.95
-5781;20;1;;-57.81
-5772;20;1;;-57.72
-5790;20;1;;-57.9
-5781;20;1;;-57.81
-5790;20;1;;-57.9
-5800;20;1;;-58
-5800;20;1;;-58
-5753;30;1;;-57.53
-5762;30;1;;-57.62
-5772;30;1;;-57.72
-5743;30;1;;-57.43
-5753;30;1;;-57.53
-5753;30;1;;-57.53
-5776;40;1;;-57.76
-5767;40;1;;-57.67
-5776;40;1;;-57.76
-5758;40;1;;-57.58
-5776;40;1;;-57.76
-5767;40;1;;-57.67
-5776;40;1;;-57.76
-5852;50;1;;-58.52
-5842;50;1;;-58.42
-5870;50;1;;-58.7
-5889;50;1;;-58.89
-5833;50;1;;-58.33
-5852;50;1;;-58.52
-5861;50;1;;-58.61
-5899;60;1;;-58.99
-5870;60;1;;-58.7
-5917;60;1;;-59.17
-5889;60;1;;-58.89
-5899;60;1;;-58.99
-5889;60;1;;-58.89
-5889;60;1;;-58.89
-5884;70;1;;-58.84
-5875;70;1;;-58.75
-5875;70;1;;-58.75
-5875;70;1;;-58.75
-5894;70;1;;-58.94
-5866;70;1;;-58.66
-5884;70;1;;-58.84
-5870;80;1;;-58.7
-5889;80;1;;-58.89
-5899;80;1;;-58.99
-5889;80;1;;-58.89
-5899;80;1;;-58.99
-5889;80;1;;-58.89
-5899;80;1;;-58.99
-5955;90;1;;-59.55
-5964;90;1;;-59.64
-5946;90;1;;-59.46
-5955;90;1;;-59.55
-5946;90;1;;-59.46
-5946;90;1;;-59.46
-5884;100;1;;-58.84
-5894;100;1;;-58.94
-5884;100;1;;-58.84
-5875;100;1;;-58.75
-5894;100;1;;-58.94
-5894;100;1;;-58.94
-5894;110;1;;-58.94
-5913;110;1;;-59.13
-5894;110;1;;-58.94
-5884;110;1;;-58.84
-5894;110;1;;-58.94
-5903;110;1;;-59.03
-5884;110;1;;-58.84
-5899;120;1;;-58.99
-5908;120;1;;-59.08
-5899;120;1;;-58.99
-5899;120;1;;-58.99
-5899;120;1;;-58.99
-5889;120;1;;-58.89
-5889;120;1;;-58.89
-5847;130;1;;-58.47
-5847;130;1;;-58.47
-5856;130;1;;-58.56
-5856;130;1;;-58.56
-5847;130;1;;-58.47
-5847;130;1;;-58.47
-5856;130;1;;-58.56
-5866;140;1;;-58.66
-5875;140;1;;-58.75
-5866;140;1;;-58.66
-5866;140;1;;-58.66
-5884;140;1;;-58.84
-5894;140;1;;-58.94
-5884;140;1;;-58.84
-5776;150;1;;-57.76
-5776;150;1;;-57.76
-5786;150;1;;-57.86
-5795;150;1;;-57.95
-5786;150;1;;-57.86
-5795;150;1;;-57.95
-5795;150;1;;-57.95
-5762;160;1;;-57.62
-5753;160;1;;-57.53
-5753;160;1;;-57.53
-5772;160;1;;-57.72
-5762;160;1;;-57.62
-5762;160;1;;-57.62
-5781;160;1;;-57.81
-5767;170;1;;-57.67
-5776;170;1;;-57.76
-5776;170;1;;-57.76
-5776;170;1;;-57.76
-5786;170;1;;-57.86
-5776;170;1;;-57.76
-5776;170;1;;-57.76
-5706;180;1;;-57.06
-5706;180;1;;-57.06
-5696;180;1;;-56.96
-5706;180;1;;-57.06
-5706;180;1;;-57.06
-5706;180;1;;-57.06
-5739;-170;1;;-57.39
-5729;-170;1;;-57.29
-5739;-170;1;;-57.39
-5748;-170;1;;-57.48
-5758;-170;1;;-57.58
-5748;-170;1;;-57.48
-5739;-170;1;;-57.39
-5762;-160;1;;-57.62
-5753;-160;1;;-57.53
-5762;-160;1;;-57.62
-5762;-160;1;;-57.62
-5762;-160;1;;-57.62
-5753;-160;1;;-57.53
-5781;-160;1;;-57.81
-5711;-150;1;;-57.11
-5701;-150;1;;-57.01
-5701;-150;1;;-57.01
-5711;-150;1;;-57.11
-5711;-150;1;;-57.11
-5701;-150;1;;-57.01
-5720;-150;1;;-57.2
-5847;-140;1;;-58.47
-5866;-140;1;;-58.66
-5837;-140;1;;-58.37
-5837;-140;1;;-58.37
-5837;-140;1;;-58.37
-5866;-140;1;;-58.66
-5847;-140;1;;-58.47
-5856;-130;1;;-58.56
-5866;-130;1;;-58.66
-5884;-130;1;;-58.84
-5875;-130;1;;-58.75
-5884;-130;1;;-58.84
-5875;-130;1;;-58.75
-5823;-120;1;;-58.23
-5823;-120;1;;-58.23
-5814;-120;1;;-58.14
-5842;-120;1;;-58.42
-5823;-120;1;;-58.23
-5823;-120;1;;-58.23
-5884;-110;1;;-58.84
-5903;-110;1;;-59.03
-5866;-110;1;;-58.66
-5894;-110;1;;-58.94
-5894;-110;1;;-58.94
-5894;-110;1;;-58.94
-5875;-110;1;;-58.75
-5941;-100;1;;-59.41
-5931;-100;1;;-59.31
-5941;-100;1;;-59.41
-5950;-100;1;;-59.5
-5969;-100;1;;-59.69
-5969;-100;1;;-59.69
-5955;-90;1;;-59.55
-5936;-90;1;;-59.36
-5946;-90;1;;-59.46
-5946;-90;1;;-59.46
-5946;-90;1;;-59.46
-5946;-90;1;;-59.46
-5955;-90;1;;-59.55
-5960;-80;1;;-59.6
-5950;-80;1;;-59.5
-5978;-80;1;;-59.78
-5960;-80;1;;-59.6
-5978;-80;1;;-59.78
-5950;-80;1;;-59.5
-5969;-70;1;;-59.69
-5988;-70;1;;-59.88
-5978;-70;1;;-59.78
-5988;-70;1;;-59.88
-5978;-70;1;;-59.78
-5978;-70;1;;-59.78
-5978;-70;1;;-59.78
-5950;-60;1;;-59.5
-5931;-60;1;;-59.31
-5941;-60;1;;-59.41
-5931;-60;1;;-59.31
-5941;-60;1;;-59.41
-5922;-60;1;;-59.22
-5880;-50;1;;-58.8
-5880;-50;1;;-58.8
-5880;-50;1;;-58.8
-5899;-50;1;;-58.99
-5899;-50;1;;-58.99
-5899;-50;1;;-58.99
-5899;-50;1;;-58.99
-5894;-40;1;;-58.94
-5903;-40;1;;-59.03
-5903;-40;1;;-59.03
-5894;-40;1;;-58.94
-5913;-40;1;;-59.13
-5894;-40;1;;-58.94
-5894;-40;1;;-58.94
-5899;-30;1;;-58.99
-5870;-30;1;;-58.7
-5899;-30;1;;-58.99
-5880;-30;1;;-58.8
-5880;-30;1;;-58.8
-5880;-30;1;;-58.8
-5870;-20;1;;-58.7
-5880;-20;1;;-58.8
-5870;-20;1;;-58.7
-5880;-20;1;;-58.8
-5870;-20;1;;-58.7
-5899;-20;1;;-58.99
-5889;-20;1;;-58.89
-5828;-10;1;;-58.28
-5819;-10;1;;-58.19
-5819;-10;1;;-58.19
-5819;-10;1;;-58.19
-5828;-10;1;;-58.28
-5828;-10;1;;-58.28
-5814;0;1;;-58.14
-5776;0;1;;-57.76
-5795;0;1;;-57.95
-5795;0;1;;-57.95
-5795;0;1;;-57.95
-5795;0;1;;-57.95
-5758;0;2;;-57.58
-5748;0;2;;-57.48
-5786;0;2;;-57.86
-5748;0;2;;-57.48
-5748;0;2;;-57.48
-5776;0;2;;-57.76
-5795;0;2;;-57.95
-5758;10;2;;-57.58
-5767;10;2;;-57.67
-5739;10;2;;-57.39
-5776;10;2;;-57.76
-5758;10;2;;-57.58
-5758;10;2;;-57.58
-5767;10;2;;-57.67
-5790;20;2;;-57.9
-5781;20;2;;-57.81
-5781;20;2;;-57.81
-5772;20;2;;-57.72
-5762;20;2;;-57.62
-5781;20;2;;-57.81
-5781;20;2;;-57.81
-5781;30;2;;-57.81
-5781;30;2;;-57.81
-5790;30;2;;-57.9
-5800;30;2;;-58
-5819;30;2;;-58.19
-5809;30;2;;-58.09
-5767;40;2;;-57.67
-5758;40;2;;-57.58
-5758;40;2;;-57.58
-5748;40;2;;-57.48
-5776;40;2;;-57.76
-5748;40;2;;-57.48
-5781;50;2;;-57.81
-5819;50;2;;-58.19
-5790;50;2;;-57.9
-5809;50;2;;-58.09
-5809;50;2;;-58.09
-5790;50;2;;-57.9
-5772;50;2;;-57.72
-5819;60;2;;-58.19
-5819;60;2;;-58.19
-5819;60;2;;-58.19
-5819;60;2;;-58.19
-5828;60;2;;-58.28
-5819;60;2;;-58.19
-5809;60;2;;-58.09
-5852;70;2;;-58.52
-5880;70;2;;-58.8
-5870;70;2;;-58.7
-5852;70;2;;-58.52
-5852;70;2;;-58.52
-5861;70;2;;-58.61
-5852;70;2;;-58.52
-5875;80;2;;-58.75
-5894;80;2;;-58.94
-5913;80;2;;-59.13
-5866;80;2;;-58.66
-5894;80;2;;-58.94
-5884;80;2;;-58.84
-5870;90;2;;-58.7
-5861;90;2;;-58.61
-5861;90;2;;-58.61
-5880;90;2;;-58.8
-5861;90;2;;-58.61
-5861;90;2;;-58.61
-5880;90;2;;-58.8
-5946;100;2;;-59.46
-5917;100;2;;-59.17
-5917;100;2;;-59.17
-5899;100;2;;-58.99
-5908;100;2;;-59.08
-5946;100;2;;-59.46
-5917;100;2;;-59.17
-5899;110;2;;-58.99
-5908;110;2;;-59.08
-5899;110;2;;-58.99
-5917;110;2;;-59.17
-5927;110;2;;-59.27
-5908;110;2;;-59.08
-5917;110;2;;-59.17
-5847;120;2;;-58.47
-5847;120;2;;-58.47
-5866;120;2;;-58.66
-5875;120;2;;-58.75
-5866;120;2;;-58.66
-5856;120;2;;-58.56
-5833;130;2;;-58.33
-5842;130;2;;-58.42
-5852;130;2;;-58.52
-5852;130;2;;-58.52
-5861;130;2;;-58.61
-5842;130;2;;-58.42
-5833;130;2;;-58.33
-5786;140;2;;-57.86
-5786;140;2;;-57.86
-5795;140;2;;-57.95
-5805;140;2;;-58.05
-5786;140;2;;-57.86
-5786;140;2;;-57.86
-5795;150;2;;-57.95
-5823;150;2;;-58.23
-5805;150;2;;-58.05
-5823;150;2;;-58.23
-5814;150;2;;-58.14
-5823;150;2;;-58.23
-5809;160;2;;-58.09
-5809;160;2;;-58.09
-5819;160;2;;-58.19
-5809;160;2;;-58.09
-5847;160;2;;-58.47
-5809;160;2;;-58.09
-5720;170;2;;-57.2
-5701;170;2;;-57.01
-5711;170;2;;-57.11
-5720;170;2;;-57.2
-5729;170;2;;-57.29
-5729;170;2;;-57.29
-5720;170;2;;-57.2
-5734;180;2;;-57.34
-5734;180;2;;-57.34
-5725;180;2;;-57.25
-5743;180;2;;-57.43
-5734;180;2;;-57.34
-5743;180;2;;-57.43
-5753;180;2;;-57.53
-5795;-170;2;;-57.95
-5786;-170;2;;-57.86
-5805;-170;2;;-58.05
-5786;-170;2;;-57.86
-5786;-170;2;;-57.86
-5786;-170;2;;-57.86
-5805;-170;2;;-58.05
-5762;-160;2;;-57.62
-5762;-160;2;;-57.62
-5762;-160;2;;-57.62
-5753;-160;2;;-57.53
-5762;-160;2;;-57.62
-5762;-160;2;;-57.62
-5781;-160;2;;-57.81
-5805;-150;2;;-58.05
-5814;-150;2;;-58.14
-5814;-150;2;;-58.14
-5795;-150;2;;-57.95
-5814;-150;2;;-58.14
-5805;-150;2;;-58.05
-5805;-150;2;;-58.05
-5753;-140;2;;-57.53
-5753;-140;2;;-57.53
-5762;-140;2;;-57.62
-5753;-140;2;;-57.53
-5743;-140;2;;-57.43
-5734;-140;2;;-57.34
-5762;-140;2;;-57.62
-5753;-130;2;;-57.53
-5772;-130;2;;-57.72
-5762;-130;2;;-57.62
-5762;-130;2;;-57.62
-5762;-130;2;;-57.62
-5772;-130;2;;-57.72
-5823;-120;2;;-58.23
-5805;-120;2;;-58.05
-5823;-120;2;;-58.23
-5842;-120;2;;-58.42
-5833;-120;2;;-58.33
-5842;-120;2;;-58.42
-5903;-110;2;;-59.03
-5884;-110;2;;-58.84
-5884;-110;2;;-58.84
-5903;-110;2;;-59.03
-5884;-110;2;;-58.84
-5875;-110;2;;-58.75
-5894;-100;2;;-58.94
-5941;-100;2;;-59.41
-5922;-100;2;;-59.22
-5931;-100;2;;-59.31
-5931;-100;2;;-59.31
-5931;-100;2;;-59.31
-5903;-100;2;;-59.03
-5941;-90;2;;-59.41
-5941;-90;2;;-59.41
-5950;-90;2;;-59.5
-5941;-90;2;;-59.41
-5941;-90;2;;-59.41
-5931;-90;2;;-59.31
-5960;-90;2;;-59.6
-5917;-80;2;;-59.17
-5927;-80;2;;-59.27
-5946;-80;2;;-59.46
-5936;-80;2;;-59.36
-5936;-80;2;;-59.36
-5955;-80;2;;-59.55
-5946;-80;2;;-59.46
-5997;-70;2;;-59.97
-6007;-70;2;;-60.07
-6007;-70;2;;-60.07
-5997;-70;2;;-59.97
-6007;-70;2;;-60.07
-6007;-70;2;;-60.07
-5946;-60;2;;-59.46
-5964;-60;2;;-59.64
-5946;-60;2;;-59.46
-5955;-60;2;;-59.55
-5946;-60;2;;-59.46
-5964;-60;2;;-59.64
-5917;-50;2;;-59.17
-5955;-50;2;;-59.55
-5955;-50;2;;-59.55
-5964;-50;2;;-59.64
-5936;-50;2;;-59.36
-5964;-50;2;;-59.64
-5880;-40;2;;-58.8
-5880;-40;2;;-58.8
-5870;-40;2;;-58.7
-5870;-40;2;;-58.7
-5889;-40;2;;-58.89
-5889;-40;2;;-58.89
-5852;-40;2;;-58.52
-5866;-30;2;;-58.66
-5866;-30;2;;-58.66
-5875;-30;2;;-58.75
-5866;-30;2;;-58.66
-5884;-30;2;;-58.84
-5856;-30;2;;-58.56
-5823;-20;2;;-58.23
-5852;-20;2;;-58.52
-5833;-20;2;;-58.33
-5833;-20;2;;-58.33
-5823;-20;2;;-58.23
-5852;-20;2;;-58.52
-5842;-20;2;;-58.42
-5837;-10;2;;-58.37
-5856;-10;2;;-58.56
-5828;-10;2;;-58.28
-5856;-10;2;;-58.56
-5828;-10;2;;-58.28
-5856;-10;2;;-58.56
-5866;-10;2;;-58.66
-5786;0;2;;-57.86
-5795;0;2;;-57.95
-5805;0;2;;-58.05
-5814;0;2;;-58.14
-5795;0;2;;-57.95
-5795;0;2;;-57.95
-5762;0;3;;-57.62
-5762;0;3;;-57.62
-5753;0;3;;-57.53
-5772;0;3;;-57.72
-5772;0;3;;-57.72
-5772;0;3;;-57.72
-5772;0;3;;-57.72
-5739;10;3;;-57.39
-5758;10;3;;-57.58
-5729;10;3;;-57.29
-5748;10;3;;-57.48
-5767;10;3;;-57.67
-5748;10;3;;-57.48
-5739;10;3;;-57.39
-5711;20;3;;-57.11
-5720;20;3;;-57.2
-5739;20;3;;-57.39
-5739;20;3;;-57.39
-5758;20;3;;-57.58
-5748;20;3;;-57.48
-5739;20;3;;-57.39
-5772;30;3;;-57.72
-5753;30;3;;-57.53
-5753;30;3;;-57.53
-5753;30;3;;-57.53
-5762;30;3;;-57.62
-5753;30;3;;-57.53
-5748;40;3;;-57.48
-5748;40;3;;-57.48
-5758;40;3;;-57.58
-5767;40;3;;-57.67
-5786;40;3;;-57.86
-5786;40;3;;-57.86
-5786;50;3;;-57.86
-5805;50;3;;-58.05
-5823;50;3;;-58.23
-5805;50;3;;-58.05
-5795;50;3;;-57.95
-5805;50;3;;-58.05
-5884;60;3;;-58.84
-5875;60;3;;-58.75
-5884;60;3;;-58.84
-5894;60;3;;-58.94
-5875;60;3;;-58.75
-5866;60;3;;-58.66
-5875;60;3;;-58.75
-5880;70;3;;-58.8
-5880;70;3;;-58.8
-5889;70;3;;-58.89
-5880;70;3;;-58.8
-5870;70;3;;-58.7
-5870;70;3;;-58.7
-5889;70;3;;-58.89
-5908;80;3;;-59.08
-5917;80;3;;-59.17
-5899;80;3;;-58.99
-5927;80;3;;-59.27
-5917;80;3;;-59.17
-5917;80;3;;-59.17
-5889;90;3;;-58.89
-5889;90;3;;-58.89
-5899;90;3;;-58.99
-5870;90;3;;-58.7
-5870;90;3;;-58.7
-5870;90;3;;-58.7
-5903;100;3;;-59.03
-5922;100;3;;-59.22
-5884;100;3;;-58.84
-5913;100;3;;-59.13
-5903;100;3;;-59.03
-5903;100;3;;-59.03
-5922;100;3;;-59.22
-5894;110;3;;-58.94
-5875;110;3;;-58.75
-5875;110;3;;-58.75
-5875;110;3;;-58.75
-5884;110;3;;-58.84
-5875;110;3;;-58.75
-5903;120;3;;-59.03
-5894;120;3;;-58.94
-5894;120;3;;-58.94
-5913;120;3;;-59.13
-5903;120;3;;-59.03
-5894;120;3;;-58.94
-5913;120;3;;-59.13
-5814;130;3;;-58.14
-5823;130;3;;-58.23
-5823;130;3;;-58.23
-5833;130;3;;-58.33
-5823;130;3;;-58.23
-5823;130;3;;-58.23
-5833;130;3;;-58.33
-5880;140;3;;-58.8
-5889;140;3;;-58.89
-5870;140;3;;-58.7
-5880;140;3;;-58.8
-5880;140;3;;-58.8
-5880;140;3;;-58.8
-5870;140;3;;-58.7
-5758;150;3;;-57.58
-5786;150;3;;-57.86
-5776;150;3;;-57.76
-5776;150;3;;-57.76
-5786;150;3;;-57.86
-5786;150;3;;-57.86
-5767;160;3;;-57.67
-5776;160;3;;-57.76
-5767;160;3;;-57.67
-5776;160;3;;-57.76
-5776;160;3;;-57.76
-5786;160;3;;-57.86
-5795;160;3;;-57.95
-5762;170;3;;-57.62
-5762;170;3;;-57.62
-5762;170;3;;-57.62
-5790;170;3;;-57.9
-5762;170;3;;-57.62
-5790;170;3;;-57.9
-5772;170;3;;-57.72
-5734;180;3;;-57.34
-5753;180;3;;-57.53
-5743;180;3;;-57.43
-5753;180;3;;-57.53
-5753;180;3;;-57.53
-5743;180;3;;-57.43
-5748;-170;3;;-57.48
-5729;-170;3;;-57.29
-5758;-170;3;;-57.58
-5767;-170;3;;-57.67
-5758;-170;3;;-57.58
-5748;-170;3;;-57.48
-5767;-160;3;;-57.67
-5767;-160;3;;-57.67
-5758;-160;3;;-57.58
-5748;-160;3;;-57.48
-5767;-160;3;;-57.67
-5776;-160;3;;-57.76
-5767;-160;3;;-57.67
-5762;-150;3;;-57.62
-5790;-150;3;;-57.9
-5772;-150;3;;-57.72
-5781;-150;3;;-57.81
-5781;-150;3;;-57.81
-5781;-150;3;;-57.81
-5790;-150;3;;-57.9
-5790;-140;3;;-57.9
-5781;-140;3;;-57.81
-5772;-140;3;;-57.72
-5781;-140;3;;-57.81
-5790;-140;3;;-57.9
-5790;-140;3;;-57.9
-5753;-140;3;;-57.53
-5753;-130;3;;-57.53
-5762;-130;3;;-57.62
-5772;-130;3;;-57.72
-5790;-130;3;;-57.9
-5790;-130;3;;-57.9
-5781;-130;3;;-57.81
-5753;-130;3;;-57.53
-5894;-120;3;;-58.94
-5884;-120;3;;-58.84
-5884;-120;3;;-58.84
-5903;-120;3;;-59.03
-5894;-120;3;;-58.94
-5894;-120;3;;-58.94
-5903;-120;3;;-59.03
-5917;-110;3;;-59.17
-5889;-110;3;;-58.89
-5880;-110;3;;-58.8
-5899;-110;3;;-58.99
-5880;-110;3;;-58.8
-5870;-110;3;;-58.7
-5908;-100;3;;-59.08
-5908;-100;3;;-59.08
-5899;-100;3;;-58.99
-5908;-100;3;;-59.08
-5908;-100;3;;-59.08
-5917;-100;3;;-59.17
-5908;-100;3;;-59.08
-5922;-90;3;;-59.22
-5931;-90;3;;-59.31
-5922;-90;3;;-59.22
-5922;-90;3;;-59.22
-5913;-90;3;;-59.13
-5950;-90;3;;-59.5
-5931;-90;3;;-59.31
-5960;-80;3;;-59.6
-5960;-80;3;;-59.6
-5978;-80;3;;-59.78
-5950;-80;3;;-59.5
-5950;-80;3;;-59.5
-5978;-80;3;;-59.78
-5950;-80;3;;-59.5
-5978;-70;3;;-59.78
-5969;-70;3;;-59.69
-5969;-70;3;;-59.69
-5969;-70;3;;-59.69
-5978;-70;3;;-59.78
-5988;-70;3;;-59.88
-5988;-70;3;;-59.88
-5936;-60;3;;-59.36
-5946;-60;3;;-59.46
-5964;-60;3;;-59.64
-5974;-60;3;;-59.74
-5955;-60;3;;-59.55
-5955;-60;3;;-59.55
-5964;-60;3;;-59.64
-5903;-50;3;;-59.03
-5894;-50;3;;-58.94
-5903;-50;3;;-59.03
-5884;-50;3;;-58.84
-5894;-50;3;;-58.94
-5894;-50;3;;-58.94
-5875;-40;3;;-58.75
-5894;-40;3;;-58.94
-5903;-40;3;;-59.03
-5884;-40;3;;-58.84
-5894;-40;3;;-58.94
-5903;-40;3;;-59.03
-5856;-30;3;;-58.56
-5856;-30;3;;-58.56
-5847;-30;3;;-58.47
-5875;-30;3;;-58.75
-5856;-30;3;;-58.56
-5894;-30;3;;-58.94
-5866;-30;3;;-58.66
-5847;-20;3;;-58.47
-5856;-20;3;;-58.56
-5875;-20;3;;-58.75
-5875;-20;3;;-58.75
-5866;-20;3;;-58.66
-5856;-20;3;;-58.56
-5875;-20;3;;-58.75
-5833;-10;3;;-58.33
-5833;-10;3;;-58.33
-5823;-10;3;;-58.23
-5823;-10;3;;-58.23
-5842;-10;3;;-58.42
-5842;-10;3;;-58.42
-5833;-10;3;;-58.33
-5833;0;3;;-58.33
-5842;0;3;;-58.42
-5833;0;3;;-58.33
-5833;0;3;;-58.33
-5852;0;3;;-58.52
-5852;0;3;;-58.52
-5758;0;4;;-57.58
-5776;0;4;;-57.76
-5786;0;4;;-57.86
-5776;0;4;;-57.76
-5776;0;4;;-57.76
-5767;0;4;;-57.67
-5795;0;4;;-57.95
-5729;10;4;;-57.29
-5748;10;4;;-57.48
-5767;10;4;;-57.67
-5767;10;4;;-57.67
-5758;10;4;;-57.58
-5748;10;4;;-57.48
-5786;20;4;;-57.86
-5776;20;4;;-57.76
-5795;20;4;;-57.95
-5776;20;4;;-57.76
-5795;20;4;;-57.95
-5776;20;4;;-57.76
-5786;20;4;;-57.86
-5767;30;4;;-57.67
-5758;30;4;;-57.58
-5758;30;4;;-57.58
-5748;30;4;;-57.48
-5739;30;4;;-57.39
-5758;30;4;;-57.58
-5795;40;4;;-57.95
-5795;40;4;;-57.95
-5823;40;4;;-58.23
-5814;40;4;;-58.14
-5795;40;4;;-57.95
-5823;40;4;;-58.23
-5842;50;4;;-58.42
-5833;50;4;;-58.33
-5823;50;4;;-58.23
-5852;50;4;;-58.52
-5842;50;4;;-58.42
-5842;50;4;;-58.42
-5842;50;4;;-58.42
-5875;60;4;;-58.75
-5866;60;4;;-58.66
-5884;60;4;;-58.84
-5866;60;4;;-58.66
-5884;60;4;;-58.84
-5856;60;4;;-58.56
-5875;60;4;;-58.75
-5837;70;4;;-58.37
-5847;70;4;;-58.47
-5847;70;4;;-58.47
-5875;70;4;;-58.75
-5866;70;4;;-58.66
-5866;70;4;;-58.66
-5847;70;4;;-58.47
-5880;80;4;;-58.8
-5899;80;4;;-58.99
-5889;80;4;;-58.89
-5908;80;4;;-59.08
-5899;80;4;;-58.99
-5899;80;4;;-58.99
-5931;90;4;;-59.31
-5950;90;4;;-59.5
-5931;90;4;;-59.31
-5950;90;4;;-59.5
-5950;90;4;;-59.5
-5960;90;4;;-59.6
-5931;90;4;;-59.31
-5913;100;4;;-59.13
-5922;100;4;;-59.22
-5913;100;4;;-59.13
-5922;100;4;;-59.22
-5913;100;4;;-59.13
-5922;100;4;;-59.22
-5913;100;4;;-59.13
-5899;110;4;;-58.99
-5899;110;4;;-58.99
-5889;110;4;;-58.89
-5899;110;4;;-58.99
-5889;110;4;;-58.89
-5899;110;4;;-58.99
-5899;110;4;;-58.99
-5861;120;4;;-58.61
-5852;120;4;;-58.52
-5852;120;4;;-58.52
-5852;120;4;;-58.52
-5861;120;4;;-58.61
-5861;120;4;;-58.61
-5837;130;4;;-58.37
-5856;130;4;;-58.56
-5847;130;4;;-58.47
-5847;130;4;;-58.47
-5856;130;4;;-58.56
-5856;130;4;;-58.56
-5805;140;4;;-58.05
-5823;140;4;;-58.23
-5795;140;4;;-57.95
-5814;140;4;;-58.14
-5805;140;4;;-58.05
-5823;140;4;;-58.23
-5805;140;4;;-58.05
-5776;150;4;;-57.76
-5767;150;4;;-57.67
-5776;150;4;;-57.76
-5776;150;4;;-57.76
-5776;150;4;;-57.76
-5776;150;4;;-57.76
-5795;150;4;;-57.95
-5725;160;4;;-57.25
-5734;160;4;;-57.34
-5734;160;4;;-57.34
-5734;160;4;;-57.34
-5734;160;4;;-57.34
-5734;160;4;;-57.34
-5743;160;4;;-57.43
-5725;170;4;;-57.25
-5715;170;4;;-57.15
-5715;170;4;;-57.15
-5725;170;4;;-57.25
-5715;170;4;;-57.15
-5734;170;4;;-57.34
-5725;180;4;;-57.25
-5725;180;4;;-57.25
-5715;180;4;;-57.15
-5706;180;4;;-57.06
-5687;180;4;;-56.87
-5696;180;4;;-56.96
-5734;-170;4;;-57.34
-5725;-170;4;;-57.25
-5743;-170;4;;-57.43
-5743;-170;4;;-57.43
-5734;-170;4;;-57.34
-5725;-170;4;;-57.25
-5734;-170;4;;-57.34
-5706;-160;4;;-57.06
-5696;-160;4;;-56.96
-5706;-160;4;;-57.06
-5696;-160;4;;-56.96
-5706;-160;4;;-57.06
-5706;-160;4;;-57.06
-5805;-150;4;;-58.05
-5795;-150;4;;-57.95
-5814;-150;4;;-58.14
-5814;-150;4;;-58.14
-5823;-150;4;;-58.23
-5805;-150;4;;-58.05
-5805;-150;4;;-58.05
-5847;-140;4;;-58.47
-5875;-140;4;;-58.75
-5856;-140;4;;-58.56
-5847;-140;4;;-58.47
-5847;-140;4;;-58.47
-5894;-140;4;;-58.94
-5772;-130;4;;-57.72
-5781;-130;4;;-57.81
-5809;-130;4;;-58.09
-5781;-130;4;;-57.81
-5772;-130;4;;-57.72
-5781;-130;4;;-57.81
-5809;-130;4;;-58.09
-5875;-120;4;;-58.75
-5847;-120;4;;-58.47
-5856;-120;4;;-58.56
-5875;-120;4;;-58.75
-5875;-120;4;;-58.75
-5894;-120;4;;-58.94
-5856;-120;4;;-58.56
-5875;-110;4;;-58.75
-5884;-110;4;;-58.84
-5875;-110;4;;-58.75
-5894;-110;4;;-58.94
-5875;-110;4;;-58.75
-5875;-110;4;;-58.75
-5894;-110;4;;-58.94
-5899;-100;4;;-58.99
-5899;-100;4;;-58.99
-5908;-100;4;;-59.08
-5917;-100;4;;-59.17
-5917;-100;4;;-59.17
-5917;-100;4;;-59.17
-5974;-90;4;;-59.74
-5974;-90;4;;-59.74
-5964;-90;4;;-59.64
-5964;-90;4;;-59.64
-5964;-90;4;;-59.64
-5974;-90;4;;-59.74
-5993;-90;4;;-59.93
-5950;-80;4;;-59.5
-5960;-80;4;;-59.6
-5960;-80;4;;-59.6
-5969;-80;4;;-59.69
-5960;-80;4;;-59.6
-5950;-80;4;;-59.5
-5941;-80;4;;-59.41
-5960;-70;4;;-59.6
-5960;-70;4;;-59.6
-5950;-70;4;;-59.5
-5950;-70;4;;-59.5
-5950;-70;4;;-59.5
-5941;-70;4;;-59.41
-5950;-70;4;;-59.5
-5922;-60;4;;-59.22
-5931;-60;4;;-59.31
-5913;-60;4;;-59.13
-5931;-60;4;;-59.31
-5941;-60;4;;-59.41
-5913;-60;4;;-59.13
-5913;-60;4;;-59.13
-5884;-50;4;;-58.84
-5903;-50;4;;-59.03
-5894;-50;4;;-58.94
-5894;-50;4;;-58.94
-5884;-50;4;;-58.84
-5894;-50;4;;-58.94
-5894;-40;4;;-58.94
-5931;-40;4;;-59.31
-5894;-40;4;;-58.94
-5903;-40;4;;-59.03
-5903;-40;4;;-59.03
-5894;-40;4;;-58.94
-5894;-40;4;;-58.94
-5866;-30;4;;-58.66
-5866;-30;4;;-58.66
-5875;-30;4;;-58.75
-5856;-30;4;;-58.56
-5866;-30;4;;-58.66
-5856;-30;4;;-58.56
-5875;-30;4;;-58.75
-5847;-20;4;;-58.47
-5866;-20;4;;-58.66
-5856;-20;4;;-58.56
-5866;-20;4;;-58.66
-5866;-20;4;;-58.66
-5847;-20;4;;-58.47
-5795;-10;4;;-57.95
-5805;-10;4;;-58.05
-5795;-10;4;;-57.95
-5795;-10;4;;-57.95
-5823;-10;4;;-58.23
-5805;-10;4;;-58.05
-5805;-10;4;;-58.05
-5819;0;4;;-58.19
-5819;0;4;;-58.19
-5800;0;4;;-58
-5828;0;4;;-58.28
-5828;0;4;;-58.28
-5800;0;4;;-58
-5795;0;5;;-57.95
-5814;0;5;;-58.14
-5795;0;5;;-57.95
-5795;0;5;;-57.95
-5823;0;5;;-58.23
-5805;0;5;;-58.05
-5814;0;5;;-58.14
-5758;10;5;;-57.58
-5739;10;5;;-57.39
-5758;10;5;;-57.58
-5767;10;5;;-57.67
-5748;10;5;;-57.48
-5767;10;5;;-57.67
-5739;20;5;;-57.39
-5739;20;5;;-57.39
-5767;20;5;;-57.67
-5729;20;5;;-57.29
-5758;20;5;;-57.58
-5748;20;5;;-57.48
-5823;30;5;;-58.23
-5805;30;5;;-58.05
-5805;30;5;;-58.05
-5805;30;5;;-58.05
-5814;30;5;;-58.14
-5823;30;5;;-58.23
-5814;30;5;;-58.14
-5753;40;5;;-57.53
-5762;40;5;;-57.62
-5762;40;5;;-57.62
-5772;40;5;;-57.72
-5762;40;5;;-57.62
-5753;40;5;;-57.53
-5805;50;5;;-58.05
-5786;50;5;;-57.86
-5805;50;5;;-58.05
-5814;50;5;;-58.14
-5795;50;5;;-57.95
-5814;50;5;;-58.14
-5795;50;5;;-57.95
-5842;60;5;;-58.42
-5805;60;5;;-58.05
-5823;60;5;;-58.23
-5852;60;5;;-58.52
-5833;60;5;;-58.33
-5842;60;5;;-58.42
-5833;60;5;;-58.33
-5856;70;5;;-58.56
-5866;70;5;;-58.66
-5856;70;5;;-58.56
-5837;70;5;;-58.37
-5856;70;5;;-58.56
-5866;70;5;;-58.66
-5847;70;5;;-58.47
-5880;80;5;;-58.8
-5899;80;5;;-58.99
-5899;80;5;;-58.99
-5899;80;5;;-58.99
-5880;80;5;;-58.8
-5870;80;5;;-58.7
-5936;90;5;;-59.36
-5927;90;5;;-59.27
-5908;90;5;;-59.08
-5927;90;5;;-59.27
-5927;90;5;;-59.27
-5946;90;5;;-59.46
-5927;90;5;;-59.27
-5917;100;5;;-59.17
-5917;100;5;;-59.17
-5936;100;5;;-59.36
-5908;100;5;;-59.08
-5936;100;5;;-59.36
-5908;100;5;;-59.08
-5875;110;5;;-58.75
-5866;110;5;;-58.66
-5894;110;5;;-58.94
-5866;110;5;;-58.66
-5884;110;5;;-58.84
-5884;110;5;;-58.84
-5884;110;5;;-58.84
-5866;120;5;;-58.66
-5875;120;5;;-58.75
-5875;120;5;;-58.75
-5856;120;5;;-58.56
-5866;120;5;;-58.66
-5884;120;5;;-58.84
-5875;120;5;;-58.75
-5833;130;5;;-58.33
-5823;130;5;;-58.23
-5823;130;5;;-58.23
-5833;130;5;;-58.33
-5823;130;5;;-58.23
-5823;130;5;;-58.23
-5861;140;5;;-58.61
-5870;140;5;;-58.7
-5889;140;5;;-58.89
-5880;140;5;;-58.8
-5870;140;5;;-58.7
-5880;140;5;;-58.8
-5870;140;5;;-58.7
-5823;150;5;;-58.23
-5842;150;5;;-58.42
-5823;150;5;;-58.23
-5833;150;5;;-58.33
-5805;150;5;;-58.05
-5814;150;5;;-58.14
-5743;160;5;;-57.43
-5743;160;5;;-57.43
-5743;160;5;;-57.43
-5753;160;5;;-57.53
-5743;160;5;;-57.43
-5734;160;5;;-57.34
-5753;160;5;;-57.53
-5772;170;5;;-57.72
-5772;170;5;;-57.72
-5781;170;5;;-57.81
-5762;170;5;;-57.62
-5753;170;5;;-57.53
-5772;170;5;;-57.72
-5772;170;5;;-57.72
-5706;180;5;;-57.06
-5678;180;5;;-56.78
-5715;180;5;;-57.15
-5687;180;5;;-56.87
-5715;180;5;;-57.15
-5706;180;5;;-57.06
-5734;180;5;;-57.34
-5692;-170;5;;-56.92
-5701;-170;5;;-57.01
-5692;-170;5;;-56.92
-5692;-170;5;;-56.92
-5692;-170;5;;-56.92
-5701;-170;5;;-57.01
-5814;-160;5;;-58.14
-5814;-160;5;;-58.14
-5833;-160;5;;-58.33
-5814;-160;5;;-58.14
-5833;-160;5;;-58.33
-5833;-160;5;;-58.33
-5823;-160;5;;-58.23
-5776;-150;5;;-57.76
-5767;-150;5;;-57.67
-5776;-150;5;;-57.76
-5767;-150;5;;-57.67
-5786;-150;5;;-57.86
-5795;-150;5;;-57.95
-5762;-140;5;;-57.62
-5743;-140;5;;-57.43
-5734;-140;5;;-57.34
-5743;-140;5;;-57.43
-5743;-140;5;;-57.43
-5734;-140;5;;-57.34
-5762;-140;5;;-57.62
-5870;-130;5;;-58.7
-5852;-130;5;;-58.52
-5852;-130;5;;-58.52
-5870;-130;5;;-58.7
-5842;-130;5;;-58.42
-5861;-130;5;;-58.61
-5884;-120;5;;-58.84
-5903;-120;5;;-59.03
-5903;-120;5;;-59.03
-5894;-120;5;;-58.94
-5894;-120;5;;-58.94
-5913;-120;5;;-59.13
-5913;-120;5;;-59.13
-5922;-110;5;;-59.22
-5903;-110;5;;-59.03
-5931;-110;5;;-59.31
-5941;-110;5;;-59.41
-5922;-110;5;;-59.22
-5931;-110;5;;-59.31
-5922;-110;5;;-59.22
-5922;-100;5;;-59.22
-5941;-100;5;;-59.41
-5941;-100;5;;-59.41
-5922;-100;5;;-59.22
-5931;-100;5;;-59.31
-5931;-100;5;;-59.31
-5913;-90;5;;-59.13
-5941;-90;5;;-59.41
-5922;-90;5;;-59.22
-5922;-90;5;;-59.22
-5931;-90;5;;-59.31
-5950;-90;5;;-59.5
-5941;-90;5;;-59.41
-5950;-80;5;;-59.5
-5969;-80;5;;-59.69
-5960;-80;5;;-59.6
-5969;-80;5;;-59.69
-5978;-80;5;;-59.78
-5950;-80;5;;-59.5
-5960;-80;5;;-59.6
-5969;-70;5;;-59.69
-5969;-70;5;;-59.69
-5960;-70;5;;-59.6
-5978;-70;5;;-59.78
-5978;-70;5;;-59.78
-5988;-70;5;;-59.88
-5988;-70;5;;-59.88
-5964;-60;5;;-59.64
-5955;-60;5;;-59.55
-5964;-60;5;;-59.64
-5964;-60;5;;-59.64
-5974;-60;5;;-59.74
-5955;-60;5;;-59.55
-5955;-50;5;;-59.55
-5955;-50;5;;-59.55
-5974;-50;5;;-59.74
-5964;-50;5;;-59.64
-5974;-50;5;;-59.74
-5974;-50;5;;-59.74
-5964;-50;5;;-59.64
-5917;-40;5;;-59.17
-5908;-40;5;;-59.08
-5908;-40;5;;-59.08
-5936;-40;5;;-59.36
-5917;-40;5;;-59.17
-5908;-40;5;;-59.08
-5917;-40;5;;-59.17
-5894;-30;5;;-58.94
-5884;-30;5;;-58.84
-5894;-30;5;;-58.94
-5894;-30;5;;-58.94
-5875;-30;5;;-58.75
-5875;-30;5;;-58.75
-5837;-20;5;;-58.37
-5837;-20;5;;-58.37
-5847;-20;5;;-58.47
-5828;-20;5;;-58.28
-5837;-20;5;;-58.37
-5856;-20;5;;-58.56
-5819;-10;5;;-58.19
-5837;-10;5;;-58.37
-5809;-10;5;;-58.09
-5819;-10;5;;-58.19
-5828;-10;5;;-58.28
-5828;-10;5;;-58.28
-5837;-10;5;;-58.37
-5795;0;5;;-57.95
-5805;0;5;;-58.05
-5805;0;5;;-58.05
-5795;0;5;;-57.95
-5795;0;5;;-57.95
-5814;0;5;;-58.14
-5805;0;6;;-58.05
-5776;0;6;;-57.76
-5823;0;6;;-58.23
-5814;0;6;;-58.14
-5795;0;6;;-57.95
-5814;0;6;;-58.14
-5776;10;6;;-57.76
-5758;10;6;;-57.58
-5767;10;6;;-57.67
-5776;10;6;;-57.76
-5776;10;6;;-57.76
-5767;10;6;;-57.67
-5809;20;6;;-58.09
-5790;20;6;;-57.9
-5772;20;6;;-57.72
-5772;20;6;;-57.72
-5819;20;6;;-58.19
-5819;20;6;;-58.19
-5781;30;6;;-57.81
-5809;30;6;;-58.09
-5809;30;6;;-58.09
-5800;30;6;;-58
-5819;30;6;;-58.19
-5790;30;6;;-57.9
-5828;40;6;;-58.28
-5819;40;6;;-58.19
-5847;40;6;;-58.47
-5847;40;6;;-58.47
-5837;40;6;;-58.37
-5847;40;6;;-58.47
-5828;40;6;;-58.28
-5852;50;6;;-58.52
-5842;50;6;;-58.42
-5852;50;6;;-58.52
-5861;50;6;;-58.61
-5852;50;6;;-58.52
-5852;50;6;;-58.52
-5870;50;6;;-58.7
-5880;60;6;;-58.8
-5880;60;6;;-58.8
-5889;60;6;;-58.89
-5870;60;6;;-58.7
-5899;60;6;;-58.99
-5889;60;6;;-58.89
-5889;60;6;;-58.89
-5837;70;6;;-58.37
-5847;70;6;;-58.47
-5856;70;6;;-58.56
-5866;70;6;;-58.66
-5847;70;6;;-58.47
-5856;70;6;;-58.56
-5889;80;6;;-58.89
-5870;80;6;;-58.7
-5880;80;6;;-58.8
-5889;80;6;;-58.89
-5889;80;6;;-58.89
-5870;80;6;;-58.7
-5889;90;6;;-58.89
-5852;90;6;;-58.52
-5861;90;6;;-58.61
-5861;90;6;;-58.61
-5861;90;6;;-58.61
-5870;90;6;;-58.7
-5889;90;6;;-58.89
-5903;100;6;;-59.03
-5894;100;6;;-58.94
-5913;100;6;;-59.13
-5913;100;6;;-59.13
-5903;100;6;;-59.03
-5894;100;6;;-58.94
-5903;100;6;;-59.03
-5875;110;6;;-58.75
-5875;110;6;;-58.75
-5866;110;6;;-58.66
-5875;110;6;;-58.75
-5866;110;6;;-58.66
-5875;110;6;;-58.75
-5894;110;6;;-58.94
-5856;120;6;;-58.56
-5884;120;6;;-58.84
-5875;120;6;;-58.75
-5884;120;6;;-58.84
-5884;120;6;;-58.84
-5884;120;6;;-58.84
-5842;130;6;;-58.42
-5852;130;6;;-58.52
-5833;130;6;;-58.33
-5842;130;6;;-58.42
-5823;130;6;;-58.23
-5852;130;6;;-58.52
-5842;130;6;;-58.42
-5781;140;6;;-57.81
-5800;140;6;;-58
-5781;140;6;;-57.81
-5790;140;6;;-57.9
-5790;140;6;;-57.9
-5809;140;6;;-58.09
-5790;140;6;;-57.9
-5800;150;6;;-58
-5819;150;6;;-58.19
-5819;150;6;;-58.19
-5809;150;6;;-58.09
-5809;150;6;;-58.09
-5800;150;6;;-58
-5809;150;6;;-58.09
-5758;160;6;;-57.58
-5758;160;6;;-57.58
-5786;160;6;;-57.86
-5776;160;6;;-57.76
-5767;160;6;;-57.67
-5767;160;6;;-57.67
-5767;170;6;;-57.67
-5767;170;6;;-57.67
-5767;170;6;;-57.67
-5776;170;6;;-57.76
-5776;170;6;;-57.76
-5767;170;6;;-57.67
-5786;170;6;;-57.86
-5692;180;6;;-56.92
-5729;180;6;;-57.29
-5720;180;6;;-57.2
-5720;180;6;;-57.2
-5692;180;6;;-56.92
-5701;180;6;;-57.01
-5729;180;6;;-57.29
-5729;-170;6;;-57.29
-5739;-170;6;;-57.39
-5729;-170;6;;-57.29
-5729;-170;6;;-57.29
-5711;-170;6;;-57.11
-5739;-170;6;;-57.39
-5720;-170;6;;-57.2
-5701;-160;6;;-57.01
-5701;-160;6;;-57.01
-5692;-160;6;;-56.92
-5701;-160;6;;-57.01
-5701;-160;6;;-57.01
-5711;-160;6;;-57.11
-5800;-150;6;;-58
-5800;-150;6;;-58
-5819;-150;6;;-58.19
-5800;-150;6;;-58
-5819;-150;6;;-58.19
-5790;-150;6;;-57.9
-5828;-150;6;;-58.28
-5748;-140;6;;-57.48
-5748;-140;6;;-57.48
-5729;-140;6;;-57.29
-5729;-140;6;;-57.29
-5767;-140;6;;-57.67
-5739;-140;6;;-57.39
-5880;-130;6;;-58.8
-5861;-130;6;;-58.61
-5852;-130;6;;-58.52
-5852;-130;6;;-58.52
-5880;-130;6;;-58.8
-5852;-130;6;;-58.52
-5870;-130;6;;-58.7
-5908;-120;6;;-59.08
-5899;-120;6;;-58.99
-5899;-120;6;;-58.99
-5899;-120;6;;-58.99
-5908;-120;6;;-59.08
-5917;-120;6;;-59.17
-5936;-120;6;;-59.36
-5875;-110;6;;-58.75
-5875;-110;6;;-58.75
-5894;-110;6;;-58.94
-5894;-110;6;;-58.94
-5884;-110;6;;-58.84
-5884;-110;6;;-58.84
-5894;-100;6;;-58.94
-5922;-100;6;;-59.22
-5903;-100;6;;-59.03
-5894;-100;6;;-58.94
-5922;-100;6;;-59.22
-5931;-100;6;;-59.31
-5969;-90;6;;-59.69
-5960;-90;6;;-59.6
-5969;-90;6;;-59.69
-5969;-90;6;;-59.69
-5969;-90;6;;-59.69
-5978;-90;6;;-59.78
-5969;-90;6;;-59.69
-5950;-80;6;;-59.5
-5941;-80;6;;-59.41
-5950;-80;6;;-59.5
-5950;-80;6;;-59.5
-5960;-80;6;;-59.6
-5941;-80;6;;-59.41
-5969;-80;6;;-59.69
-5941;-70;6;;-59.41
-5931;-70;6;;-59.31
-5941;-70;6;;-59.41
-5931;-70;6;;-59.31
-5922;-70;6;;-59.22
-5950;-70;6;;-59.5
-5950;-70;6;;-59.5
-5946;-60;6;;-59.46
-5964;-60;6;;-59.64
-5955;-60;6;;-59.55
-5964;-60;6;;-59.64
-5946;-60;6;;-59.46
-5955;-60;6;;-59.55
-5946;-60;6;;-59.46
-5941;-50;6;;-59.41
-5950;-50;6;;-59.5
-5931;-50;6;;-59.31
-5922;-50;6;;-59.22
-5922;-50;6;;-59.22
-5950;-50;6;;-59.5
-5884;-40;6;;-58.84
-5894;-40;6;;-58.94
-5894;-40;6;;-58.94
-5894;-40;6;;-58.94
-5894;-40;6;;-58.94
-5903;-40;6;;-59.03
-5866;-30;6;;-58.66
-5847;-30;6;;-58.47
-5894;-30;6;;-58.94
-5866;-30;6;;-58.66
-5856;-30;6;;-58.56
-5875;-30;6;;-58.75
-5847;-20;6;;-58.47
-5837;-20;6;;-58.37
-5837;-20;6;;-58.37
-5837;-20;6;;-58.37
-5847;-20;6;;-58.47
-5866;-20;6;;-58.66
-5847;-20;6;;-58.47
-5814;-10;6;;-58.14
-5823;-10;6;;-58.23
-5814;-10;6;;-58.14
-5823;-10;6;;-58.23
-5823;-10;6;;-58.23
-5814;-10;6;;-58.14
-5781;0;6;;-57.81
-5790;0;6;;-57.9
-5819;0;6;;-58.19
-5819;0;6;;-58.19
-5819;0;6;;-58.19
-5809;0;6;;-58.09
-5781;0;6;;-57.81
-5772;0;7;;-57.72
-5790;0;7;;-57.9
-5762;0;7;;-57.62
-5781;0;7;;-57.81
-5790;0;7;;-57.9
-5772;0;7;;-57.72
-5729;10;7;;-57.29
-5767;10;7;;-57.67
-5776;10;7;;-57.76
-5767;10;7;;-57.67
-5748;10;7;;-57.48
-5739;10;7;;-57.39
-5758;10;7;;-57.58
-5748;20;7;;-57.48
-5748;20;7;;-57.48
-5748;20;7;;-57.48
-5758;20;7;;-57.58
-5739;20;7;;-57.39
-5758;20;7;;-57.58
-5767;20;7;;-57.67
-5758;30;7;;-57.58
-5748;30;7;;-57.48
-5767;30;7;;-57.67
-5776;30;7;;-57.76
-5758;30;7;;-57.58
-5748;30;7;;-57.48
-5786;40;7;;-57.86
-5814;40;7;;-58.14
-5795;40;7;;-57.95
-5795;40;7;;-57.95
-5814;40;7;;-58.14
-5795;40;7;;-57.95
-5786;40;7;;-57.86
-5856;50;7;;-58.56
-5819;50;7;;-58.19
-5847;50;7;;-58.47
-5819;50;7;;-58.19
-5837;50;7;;-58.37
-5828;50;7;;-58.28
-5875;60;7;;-58.75
-5894;60;7;;-58.94
-5903;60;7;;-59.03
-5884;60;7;;-58.84
-5866;60;7;;-58.66
-5894;60;7;;-58.94
-5884;60;7;;-58.84
-5847;70;7;;-58.47
-5847;70;7;;-58.47
-5847;70;7;;-58.47
-5847;70;7;;-58.47
-5866;70;7;;-58.66
-5837;70;7;;-58.37
-5866;70;7;;-58.66
-5884;80;7;;-58.84
-5903;80;7;;-59.03
-5894;80;7;;-58.94
-5894;80;7;;-58.94
-5894;80;7;;-58.94
-5894;80;7;;-58.94
-5899;90;7;;-58.99
-5880;90;7;;-58.8
-5889;90;7;;-58.89
-5889;90;7;;-58.89
-5870;90;7;;-58.7
-5899;90;7;;-58.99
-5899;90;7;;-58.99
-5917;100;7;;-59.17
-5908;100;7;;-59.08
-5927;100;7;;-59.27
-5908;100;7;;-59.08
-5927;100;7;;-59.27
-5908;100;7;;-59.08
-5917;100;7;;-59.17
-5894;110;7;;-58.94
-5913;110;7;;-59.13
-5903;110;7;;-59.03
-5903;110;7;;-59.03
-5903;110;7;;-59.03
-5894;110;7;;-58.94
-5880;120;7;;-58.8
-5899;120;7;;-58.99
-5889;120;7;;-58.89
-5899;120;7;;-58.99
-5889;120;7;;-58.89
-5889;120;7;;-58.89
-5908;120;7;;-59.08
-5837;130;7;;-58.37
-5847;130;7;;-58.47
-5866;130;7;;-58.66
-5866;130;7;;-58.66
-5847;130;7;;-58.47
-5847;130;7;;-58.47
-5795;140;7;;-57.95
-5786;140;7;;-57.86
-5795;140;7;;-57.95
-5786;140;7;;-57.86
-5786;140;7;;-57.86
-5795;140;7;;-57.95
-5805;150;7;;-58.05
-5823;150;7;;-58.23
-5814;150;7;;-58.14
-5805;150;7;;-58.05
-5823;150;7;;-58.23
-5814;150;7;;-58.14
-5758;160;7;;-57.58
-5776;160;7;;-57.76
-5776;160;7;;-57.76
-5776;160;7;;-57.76
-5795;160;7;;-57.95
-5776;160;7;;-57.76
-5776;160;7;;-57.76
-5753;170;7;;-57.53
-5772;170;7;;-57.72
-5772;170;7;;-57.72
-5781;170;7;;-57.81
-5772;170;7;;-57.72
-5790;170;7;;-57.9
-5790;170;7;;-57.9
-5706;180;7;;-57.06
-5725;180;7;;-57.25
-5706;180;7;;-57.06
-5706;180;7;;-57.06
-5696;180;7;;-56.96
-5706;180;7;;-57.06
-5734;-170;7;;-57.34
-5734;-170;7;;-57.34
-5715;-170;7;;-57.15
-5743;-170;7;;-57.43
-5734;-170;7;;-57.34
-5734;-170;7;;-57.34
-5706;-170;7;;-57.06
-5743;-160;7;;-57.43
-5725;-160;7;;-57.25
-5725;-160;7;;-57.25
-5743;-160;7;;-57.43
-5743;-160;7;;-57.43
-5743;-160;7;;-57.43
-5715;-160;7;;-57.15
-5795;-150;7;;-57.95
-5795;-150;7;;-57.95
-5795;-150;7;;-57.95
-5795;-150;7;;-57.95
-5823;-150;7;;-58.23
-5805;-150;7;;-58.05
-5823;-150;7;;-58.23
-5748;-140;7;;-57.48
-5748;-140;7;;-57.48
-5767;-140;7;;-57.67
-5767;-140;7;;-57.67
-5739;-140;7;;-57.39
-5758;-140;7;;-57.58
-5748;-140;7;;-57.48
-5814;-130;7;;-58.14
-5795;-130;7;;-57.95
-5795;-130;7;;-57.95
-5795;-130;7;;-57.95
-5805;-130;7;;-58.05
-5795;-130;7;;-57.95
-5899;-120;7;;-58.99
-5908;-120;7;;-59.08
-5908;-120;7;;-59.08
-5880;-120;7;;-58.8
-5889;-120;7;;-58.89
-5889;-120;7;;-58.89
-5922;-110;7;;-59.22
-5931;-110;7;;-59.31
-5931;-110;7;;-59.31
-5931;-110;7;;-59.31
-5922;-110;7;;-59.22
-5941;-110;7;;-59.41
-5941;-110;7;;-59.41
-5931;-100;7;;-59.31
-5931;-100;7;;-59.31
-5922;-100;7;;-59.22
-5913;-100;7;;-59.13
-5931;-100;7;;-59.31
-5941;-100;7;;-59.41
-5927;-90;7;;-59.27
-5927;-90;7;;-59.27
-5946;-90;7;;-59.46
-5927;-90;7;;-59.27
-5917;-90;7;;-59.17
-5927;-90;7;;-59.27
-5927;-90;7;;-59.27
-5955;-80;7;;-59.55
-5955;-80;7;;-59.55
-5946;-80;7;;-59.46
-5946;-80;7;;-59.46
-5964;-80;7;;-59.64
-5955;-80;7;;-59.55
-5950;-70;7;;-59.5
-5950;-70;7;;-59.5
-5931;-70;7;;-59.31
-5931;-70;7;;-59.31
-5960;-70;7;;-59.6
-5941;-70;7;;-59.41
-5950;-70;7;;-59.5
-5964;-60;7;;-59.64
-5946;-60;7;;-59.46
-5964;-60;7;;-59.64
-5964;-60;7;;-59.64
-5964;-60;7;;-59.64
-5964;-60;7;;-59.64
-5974;-60;7;;-59.74
-5950;-50;7;;-59.5
-5941;-50;7;;-59.41
-5941;-50;7;;-59.41
-5950;-50;7;;-59.5
-5969;-50;7;;-59.69
-5969;-50;7;;-59.69
-5880;-40;7;;-58.8
-5861;-40;7;;-58.61
-5861;-40;7;;-58.61
-5870;-40;7;;-58.7
-5889;-40;7;;-58.89
-5861;-40;7;;-58.61
-5870;-40;7;;-58.7
-5856;-30;7;;-58.56
-5866;-30;7;;-58.66
-5856;-30;7;;-58.56
-5875;-30;7;;-58.75
-5875;-30;7;;-58.75
-5856;-30;7;;-58.56
-5856;-30;7;;-58.56
-5894;-20;7;;-58.94
-5884;-20;7;;-58.84
-5866;-20;7;;-58.66
-5856;-20;7;;-58.56
-5875;-20;7;;-58.75
-5875;-20;7;;-58.75
-5875;-20;7;;-58.75
-5842;-10;7;;-58.42
-5823;-10;7;;-58.23
-5852;-10;7;;-58.52
-5833;-10;7;;-58.33
-5823;-10;7;;-58.23
-5823;-10;7;;-58.23
-5875;0;7;;-58.75
-5847;0;7;;-58.47
-5847;0;7;;-58.47
-5856;0;7;;-58.56
-5847;0;7;;-58.47
-5847;0;7;;-58.47
-5772;0;8;;-57.72
-5781;0;8;;-57.81
-5781;0;8;;-57.81
-5781;0;8;;-57.81
-5781;0;8;;-57.81
-5781;0;8;;-57.81
-5772;10;8;;-57.72
-5781;10;8;;-57.81
-5800;10;8;;-58
-5790;10;8;;-57.9
-5772;10;8;;-57.72
-5781;10;8;;-57.81
-5800;10;8;;-58
-5795;20;8;;-57.95
-5795;20;8;;-57.95
-5805;20;8;;-58.05
-5805;20;8;;-58.05
-5814;20;8;;-58.14
-5795;20;8;;-57.95
-5805;30;8;;-58.05
-5814;30;8;;-58.14
-5823;30;8;;-58.23
-5795;30;8;;-57.95
-5795;30;8;;-57.95
-5814;30;8;;-58.14
-5833;30;8;;-58.33
-5772;40;8;;-57.72
-5781;40;8;;-57.81
-5762;40;8;;-57.62
-5772;40;8;;-57.72
-5772;40;8;;-57.72
-5781;40;8;;-57.81
-5819;50;8;;-58.19
-5828;50;8;;-58.28
-5828;50;8;;-58.28
-5837;50;8;;-58.37
-5828;50;8;;-58.28
-5819;50;8;;-58.19
-5866;50;8;;-58.66
-5805;60;8;;-58.05
-5833;60;8;;-58.33
-5814;60;8;;-58.14
-5823;60;8;;-58.23
-5823;60;8;;-58.23
-5823;60;8;;-58.23
-5880;70;8;;-58.8
-5889;70;8;;-58.89
-5889;70;8;;-58.89
-5880;70;8;;-58.8
-5880;70;8;;-58.8
-5880;70;8;;-58.8
-5880;70;8;;-58.8
-5884;80;8;;-58.84
-5884;80;8;;-58.84
-5894;80;8;;-58.94
-5894;80;8;;-58.94
-5894;80;8;;-58.94
-5894;80;8;;-58.94
-5866;90;8;;-58.66
-5894;90;8;;-58.94
-5875;90;8;;-58.75
-5856;90;8;;-58.56
-5847;90;8;;-58.47
-5875;90;8;;-58.75
-5899;100;8;;-58.99
-5908;100;8;;-59.08
-5899;100;8;;-58.99
-5899;100;8;;-58.99
-5899;100;8;;-58.99
-5880;100;8;;-58.8
-5889;100;8;;-58.89
-5936;110;8;;-59.36
-5964;110;8;;-59.64
-5946;110;8;;-59.46
-5946;110;8;;-59.46
-5955;110;8;;-59.55
-5955;110;8;;-59.55
-5946;110;8;;-59.46
-5889;120;8;;-58.89
-5889;120;8;;-58.89
-5889;120;8;;-58.89
-5889;120;8;;-58.89
-5889;120;8;;-58.89
-5899;120;8;;-58.99
-5899;120;8;;-58.99
-5861;130;8;;-58.61
-5880;130;8;;-58.8
-5899;130;8;;-58.99
-5870;130;8;;-58.7
-5870;130;8;;-58.7
-5880;130;8;;-58.8
-5880;130;8;;-58.8
-5819;140;8;;-58.19
-5819;140;8;;-58.19
-5828;140;8;;-58.28
-5837;140;8;;-58.37
-5828;140;8;;-58.28
-5837;140;8;;-58.37
-5790;150;8;;-57.9
-5809;150;8;;-58.09
-5819;150;8;;-58.19
-5790;150;8;;-57.9
-5809;150;8;;-58.09
-5819;150;8;;-58.19
-5828;150;8;;-58.28
-5772;160;8;;-57.72
-5762;160;8;;-57.62
-5772;160;8;;-57.72
-5772;160;8;;-57.72
-5790;160;8;;-57.9
-5772;160;8;;-57.72
-5781;160;8;;-57.81
-5753;170;8;;-57.53
-5725;170;8;;-57.25
-5753;170;8;;-57.53
-5734;170;8;;-57.34
-5734;170;8;;-57.34
-5734;170;8;;-57.34
-5776;180;8;;-57.76
-5795;180;8;;-57.95
-5795;180;8;;-57.95
-5786;180;8;;-57.86
-5776;180;8;;-57.76
-5776;180;8;;-57.76
-5776;180;8;;-57.76
-5725;-170;8;;-57.25
-5725;-170;8;;-57.25
-5725;-170;8;;-57.25
-5734;-170;8;;-57.34
-5743;-170;8;;-57.43
-5753;-170;8;;-57.53
-5734;-170;8;;-57.34
-5758;-160;8;;-57.58
-5748;-160;8;;-57.48
-5767;-160;8;;-57.67
-5758;-160;8;;-57.58
-5776;-160;8;;-57.76
-5786;-160;8;;-57.86
-5729;-150;8;;-57.29
-5739;-150;8;;-57.39
-5748;-150;8;;-57.48
-5729;-150;8;;-57.29
-5729;-150;8;;-57.29
-5739;-150;8;;-57.39
-5739;-150;8;;-57.39
-5819;-140;8;;-58.19
-5837;-140;8;;-58.37
-5809;-140;8;;-58.09
-5819;-140;8;;-58.19
-5819;-140;8;;-58.19
-5828;-140;8;;-58.28
-5762;-130;8;;-57.62
-5762;-130;8;;-57.62
-5772;-130;8;;-57.72
-5772;-130;8;;-57.72
-5781;-130;8;;-57.81
-5772;-130;8;;-57.72
-5847;-120;8;;-58.47
-5837;-120;8;;-58.37
-5819;-120;8;;-58.19
-5819;-120;8;;-58.19
-5847;-120;8;;-58.47
-5819;-120;8;;-58.19
-5837;-120;8;;-58.37
-5875;-110;8;;-58.75
-5875;-110;8;;-58.75
-5875;-110;8;;-58.75
-5894;-110;8;;-58.94
-5894;-110;8;;-58.94
-5875;-110;8;;-58.75
-5875;-110;8;;-58.75
-5913;-100;8;;-59.13
-5903;-100;8;;-59.03
-5894;-100;8;;-58.94
-5931;-100;8;;-59.31
-5941;-100;8;;-59.41
-5913;-100;8;;-59.13
-5913;-100;8;;-59.13
-5969;-90;8;;-59.69
-5978;-90;8;;-59.78
-5978;-90;8;;-59.78
-5978;-90;8;;-59.78
-5988;-90;8;;-59.88
-6007;-90;8;;-60.07
-5978;-90;8;;-59.78
-5960;-80;8;;-59.6
-5978;-80;8;;-59.78
-5960;-80;8;;-59.6
-5978;-80;8;;-59.78
-5969;-80;8;;-59.69
-5960;-80;8;;-59.6
-5978;-80;8;;-59.78
-5931;-70;8;;-59.31
-5931;-70;8;;-59.31
-5931;-70;8;;-59.31
-5931;-70;8;;-59.31
-5922;-70;8;;-59.22
-5922;-70;8;;-59.22
-5931;-70;8;;-59.31
-5917;-60;8;;-59.17
-5936;-60;8;;-59.36
-5917;-60;8;;-59.17
-5917;-60;8;;-59.17
-5917;-60;8;;-59.17
-5908;-60;8;;-59.08
-5908;-50;8;;-59.08
-5899;-50;8;;-58.99
-5917;-50;8;;-59.17
-5908;-50;8;;-59.08
-5908;-50;8;;-59.08
-5917;-50;8;;-59.17
-5936;-50;8;;-59.36
-5913;-40;8;;-59.13
-5903;-40;8;;-59.03
-5894;-40;8;;-58.94
-5913;-40;8;;-59.13
-5922;-40;8;;-59.22
-5903;-40;8;;-59.03
-5875;-30;8;;-58.75
-5866;-30;8;;-58.66
-5856;-30;8;;-58.56
-5875;-30;8;;-58.75
-5856;-30;8;;-58.56
-5856;-30;8;;-58.56
-5856;-30;8;;-58.56
-5819;-20;8;;-58.19
-5819;-20;8;;-58.19
-5819;-20;8;;-58.19
-5800;-20;8;;-58
-5809;-20;8;;-58.09
-5828;-20;8;;-58.28
-5828;-20;8;;-58.28
-5809;-10;8;;-58.09
-5828;-10;8;;-58.28
-5837;-10;8;;-58.37
-5819;-10;8;;-58.19
-5828;-10;8;;-58.28
-5828;-10;8;;-58.28
-5800;0;8;;-58
-5809;0;8;;-58.09
-5800;0;8;;-58
-5800;0;8;;-58
-5828;0;8;;-58.28
-5828;0;8;;-58.28
-5823;0;9;;-58.23
-5805;0;9;;-58.05
-5823;0;9;;-58.23
-5823;0;9;;-58.23
-5823;0;9;;-58.23
-5805;0;9;;-58.05
-5833;0;9;;-58.33
-5772;10;9;;-57.72
-5762;10;9;;-57.62
-5772;10;9;;-57.72
-5762;10;9;;-57.62
-5762;10;9;;-57.62
-5790;10;9;;-57.9
-5762;10;9;;-57.62
-5739;20;9;;-57.39
-5729;20;9;;-57.29
-5758;20;9;;-57.58
-5739;20;9;;-57.39
-5739;20;9;;-57.39
-5748;20;9;;-57.48
-5823;30;9;;-58.23
-5814;30;9;;-58.14
-5823;30;9;;-58.23
-5842;30;9;;-58.42
-5795;30;9;;-57.95
-5833;30;9;;-58.33
-5814;30;9;;-58.14
-5809;40;9;;-58.09
-5800;40;9;;-58
-5819;40;9;;-58.19
-5809;40;9;;-58.09
-5847;40;9;;-58.47
-5828;40;9;;-58.28
-5828;50;9;;-58.28
-5819;50;9;;-58.19
-5819;50;9;;-58.19
-5847;50;9;;-58.47
-5837;50;9;;-58.37
-5837;50;9;;-58.37
-5875;60;9;;-58.75
-5866;60;9;;-58.66
-5875;60;9;;-58.75
-5856;60;9;;-58.56
-5903;60;9;;-59.03
-5894;60;9;;-58.94
-5847;70;9;;-58.47
-5875;70;9;;-58.75
-5856;70;9;;-58.56
-5866;70;9;;-58.66
-5875;70;9;;-58.75
-5856;70;9;;-58.56
-5866;70;9;;-58.66
-5894;80;9;;-58.94
-5922;80;9;;-59.22
-5894;80;9;;-58.94
-5903;80;9;;-59.03
-5913;80;9;;-59.13
-5894;80;9;;-58.94
-5880;90;9;;-58.8
-5870;90;9;;-58.7
-5861;90;9;;-58.61
-5880;90;9;;-58.8
-5880;90;9;;-58.8
-5880;90;9;;-58.8
-5889;90;9;;-58.89
-5903;100;9;;-59.03
-5894;100;9;;-58.94
-5894;100;9;;-58.94
-5913;100;9;;-59.13
-5913;100;9;;-59.13
-5903;100;9;;-59.03
-5894;100;9;;-58.94
-5908;110;9;;-59.08
-5899;110;9;;-58.99
-5908;110;9;;-59.08
-5927;110;9;;-59.27
-5908;110;9;;-59.08
-5927;110;9;;-59.27
-5908;120;9;;-59.08
-5899;120;9;;-58.99
-5899;120;9;;-58.99
-5908;120;9;;-59.08
-5908;120;9;;-59.08
-5899;120;9;;-58.99
-5908;120;9;;-59.08
-5922;130;9;;-59.22
-5903;130;9;;-59.03
-5913;130;9;;-59.13
-5903;130;9;;-59.03
-5913;130;9;;-59.13
-5913;130;9;;-59.13
-5922;130;9;;-59.22
-5870;140;9;;-58.7
-5889;140;9;;-58.89
-5870;140;9;;-58.7
-5870;140;9;;-58.7
-5870;140;9;;-58.7
-5880;140;9;;-58.8
-5814;150;9;;-58.14
-5814;150;9;;-58.14
-5823;150;9;;-58.23
-5814;150;9;;-58.14
-5805;150;9;;-58.05
-5823;150;9;;-58.23
-5805;150;9;;-58.05
-5795;160;9;;-57.95
-5795;160;9;;-57.95
-5805;160;9;;-58.05
-5795;160;9;;-57.95
-5795;160;9;;-57.95
-5823;160;9;;-58.23
-5772;170;9;;-57.72
-5762;170;9;;-57.62
-5772;170;9;;-57.72
-5772;170;9;;-57.72
-5790;170;9;;-57.9
-5762;170;9;;-57.62
-5772;170;9;;-57.72
-5800;180;9;;-58
-5800;180;9;;-58
-5781;180;9;;-57.81
-5772;180;9;;-57.72
-5790;180;9;;-57.9
-5790;180;9;;-57.9
-5781;180;9;;-57.81
-5696;-170;9;;-56.96
-5678;-170;9;;-56.78
-5696;-170;9;;-56.96
-5696;-170;9;;-56.96
-5696;-170;9;;-56.96
-5687;-170;9;;-56.87
-5767;-160;9;;-57.67
-5758;-160;9;;-57.58
-5748;-160;9;;-57.48
-5758;-160;9;;-57.58
-5758;-160;9;;-57.58
-5758;-160;9;;-57.58
-5734;-150;9;;-57.34
-5725;-150;9;;-57.25
-5734;-150;9;;-57.34
-5725;-150;9;;-57.25
-5725;-150;9;;-57.25
-5725;-150;9;;-57.25
-5743;-150;9;;-57.43
-5828;-140;9;;-58.28
-5837;-140;9;;-58.37
-5837;-140;9;;-58.37
-5828;-140;9;;-58.28
-5837;-140;9;;-58.37
-5837;-140;9;;-58.37
-5776;-130;9;;-57.76
-5767;-130;9;;-57.67
-5786;-130;9;;-57.86
-5758;-130;9;;-57.58
-5767;-130;9;;-57.67
-5767;-130;9;;-57.67
-5767;-130;9;;-57.67
-5861;-120;9;;-58.61
-5852;-120;9;;-58.52
-5833;-120;9;;-58.33
-5823;-120;9;;-58.23
-5852;-120;9;;-58.52
-5823;-120;9;;-58.23
-5823;-120;9;;-58.23
-5889;-110;9;;-58.89
-5899;-110;9;;-58.99
-5880;-110;9;;-58.8
-5880;-110;9;;-58.8
-5880;-110;9;;-58.8
-5870;-110;9;;-58.7
-5941;-100;9;;-59.41
-5931;-100;9;;-59.31
-5941;-100;9;;-59.41
-5931;-100;9;;-59.31
-5922;-100;9;;-59.22
-5931;-100;9;;-59.31
-5922;-100;9;;-59.22
-5941;-90;9;;-59.41
-5922;-90;9;;-59.22
-5913;-90;9;;-59.13
-5922;-90;9;;-59.22
-5903;-90;9;;-59.03
-5941;-90;9;;-59.41
-5931;-90;9;;-59.31
-5941;-80;9;;-59.41
-5941;-80;9;;-59.41
-5931;-80;9;;-59.31
-5950;-80;9;;-59.5
-5941;-80;9;;-59.41
-5941;-80;9;;-59.41
-5946;-70;9;;-59.46
-5946;-70;9;;-59.46
-5955;-70;9;;-59.55
-5946;-70;9;;-59.46
-5964;-70;9;;-59.64
-5955;-70;9;;-59.55
-5936;-60;9;;-59.36
-5955;-60;9;;-59.55
-5964;-60;9;;-59.64
-5936;-60;9;;-59.36
-5955;-60;9;;-59.55
-5955;-60;9;;-59.55
-5955;-60;9;;-59.55
-5941;-50;9;;-59.41
-5931;-50;9;;-59.31
-5941;-50;9;;-59.41
-5950;-50;9;;-59.5
-5950;-50;9;;-59.5
-5950;-50;9;;-59.5
-5913;-40;9;;-59.13
-5913;-40;9;;-59.13
-5903;-40;9;;-59.03
-5922;-40;9;;-59.22
-5903;-40;9;;-59.03
-5903;-40;9;;-59.03
-5903;-40;9;;-59.03
-5856;-30;9;;-58.56
-5884;-30;9;;-58.84
-5856;-30;9;;-58.56
-5866;-30;9;;-58.66
-5856;-30;9;;-58.56
-5866;-30;9;;-58.66
-5856;-30;9;;-58.56
-5861;-20;9;;-58.61
-5889;-20;9;;-58.89
-5870;-20;9;;-58.7
-5880;-20;9;;-58.8
-5889;-20;9;;-58.89
-5889;-20;9;;-58.89
-5880;-20;9;;-58.8
-5833;-10;9;;-58.33
-5833;-10;9;;-58.33
-5842;-10;9;;-58.42
-5852;-10;9;;-58.52
-5833;-10;9;;-58.33
-5842;-10;9;;-58.42
-5767;0;9;;-57.67
-5758;0;9;;-57.58
-5767;0;9;;-57.67
-5786;0;9;;-57.86
-5776;0;9;;-57.76
-5767;0;9;;-57.67
-5776;0;10;;-57.76
-5786;0;10;;-57.86
-5776;0;10;;-57.76
-5795;0;10;;-57.95
-5776;0;10;;-57.76
-5786;0;10;;-57.86
-5776;0;10;;-57.76
-5739;10;10;;-57.39
-5729;10;10;;-57.29
-5729;10;10;;-57.29
-5748;10;10;;-57.48
-5767;10;10;;-57.67
-5758;10;10;;-57.58
-5748;10;10;;-57.48
-5795;20;10;;-57.95
-5786;20;10;;-57.86
-5786;20;10;;-57.86
-5786;20;10;;-57.86
-5786;20;10;;-57.86
-5767;20;10;;-57.67
-5795;20;10;;-57.95
-5800;30;10;;-58
-5809;30;10;;-58.09
-5809;30;10;;-58.09
-5828;30;10;;-58.28
-5790;30;10;;-57.9
-5819;30;10;;-58.19
-5828;30;10;;-58.28
-5781;40;10;;-57.81
-5781;40;10;;-57.81
-5762;40;10;;-57.62
-5772;40;10;;-57.72
-5753;40;10;;-57.53
-5790;40;10;;-57.9
-5837;50;10;;-58.37
-5828;50;10;;-58.28
-5837;50;10;;-58.37
-5828;50;10;;-58.28
-5856;50;10;;-58.56
-5856;50;10;;-58.56
-5823;60;10;;-58.23
-5823;60;10;;-58.23
-5833;60;10;;-58.33
-5833;60;10;;-58.33
-5823;60;10;;-58.23
-5823;60;10;;-58.23
-5814;60;10;;-58.14
-5866;70;10;;-58.66
-5884;70;10;;-58.84
-5894;70;10;;-58.94
-5894;70;10;;-58.94
-5894;70;10;;-58.94
-5866;70;10;;-58.66
-5884;70;10;;-58.84
-5894;80;10;;-58.94
-5884;80;10;;-58.84
-5875;80;10;;-58.75
-5884;80;10;;-58.84
-5894;80;10;;-58.94
-5903;80;10;;-59.03
-5894;80;10;;-58.94
-5875;90;10;;-58.75
-5866;90;10;;-58.66
-5875;90;10;;-58.75
-5856;90;10;;-58.56
-5884;90;10;;-58.84
-5856;90;10;;-58.56
-5946;100;10;;-59.46
-5927;100;10;;-59.27
-5936;100;10;;-59.36
-5917;100;10;;-59.17
-5927;100;10;;-59.27
-5936;100;10;;-59.36
-5936;100;10;;-59.36
-5894;110;10;;-58.94
-5884;110;10;;-58.84
-5884;110;10;;-58.84
-5875;110;10;;-58.75
-5884;110;10;;-58.84
-5875;110;10;;-58.75
-5884;120;10;;-58.84
-5884;120;10;;-58.84
-5875;120;10;;-58.75
-5903;120;10;;-59.03
-5913;120;10;;-59.13
-5894;120;10;;-58.94
-5861;130;10;;-58.61
-5889;130;10;;-58.89
-5880;130;10;;-58.8
-5861;130;10;;-58.61
-5889;130;10;;-58.89
-5870;130;10;;-58.7
-5880;130;10;;-58.8
-5809;140;10;;-58.09
-5819;140;10;;-58.19
-5809;140;10;;-58.09
-5819;140;10;;-58.19
-5809;140;10;;-58.09
-5819;140;10;;-58.19
-5819;140;10;;-58.19
-5776;150;10;;-57.76
-5758;150;10;;-57.58
-5776;150;10;;-57.76
-5767;150;10;;-57.67
-5776;150;10;;-57.76
-5767;150;10;;-57.67
-5781;160;10;;-57.81
-5790;160;10;;-57.9
-5772;160;10;;-57.72
-5781;160;10;;-57.81
-5790;160;10;;-57.9
-5772;160;10;;-57.72
-5772;160;10;;-57.72
-5772;170;10;;-57.72
-5772;170;10;;-57.72
-5772;170;10;;-57.72
-5781;170;10;;-57.81
-5790;170;10;;-57.9
-5762;170;10;;-57.62
-5781;170;10;;-57.81
-5790;180;10;;-57.9
-5781;180;10;;-57.81
-5800;180;10;;-58
-5800;180;10;;-58
-5790;180;10;;-57.9
-5800;180;10;;-58
-5790;180;10;;-57.9
-5790;-170;10;;-57.9
-5800;-170;10;;-58
-5790;-170;10;;-57.9
-5790;-170;10;;-57.9
-5809;-170;10;;-58.09
-5800;-170;10;;-58
-5800;-170;10;;-58
-5758;-160;10;;-57.58
-5748;-160;10;;-57.48
-5748;-160;10;;-57.48
-5767;-160;10;;-57.67
-5748;-160;10;;-57.48
-5758;-160;10;;-57.58
-5786;-160;10;;-57.86
-5781;-150;10;;-57.81
-5772;-150;10;;-57.72
-5790;-150;10;;-57.9
-5790;-150;10;;-57.9
-5781;-150;10;;-57.81
-5772;-150;10;;-57.72
-5790;-150;10;;-57.9
-5842;-140;10;;-58.42
-5842;-140;10;;-58.42
-5861;-140;10;;-58.61
-5842;-140;10;;-58.42
-5852;-140;10;;-58.52
-5833;-140;10;;-58.33
-5880;-130;10;;-58.8
-5899;-130;10;;-58.99
-5889;-130;10;;-58.89
-5889;-130;10;;-58.89
-5899;-130;10;;-58.99
-5899;-130;10;;-58.99
-5899;-130;10;;-58.99
-5819;-120;10;;-58.19
-5819;-120;10;;-58.19
-5809;-120;10;;-58.09
-5837;-120;10;;-58.37
-5819;-120;10;;-58.19
-5847;-120;10;;-58.47
-5922;-110;10;;-59.22
-5913;-110;10;;-59.13
-5931;-110;10;;-59.31
-5922;-110;10;;-59.22
-5922;-110;10;;-59.22
-5922;-110;10;;-59.22
-5913;-110;10;;-59.13
-5908;-100;10;;-59.08
-5936;-100;10;;-59.36
-5917;-100;10;;-59.17
-5908;-100;10;;-59.08
-5936;-100;10;;-59.36
-5908;-100;10;;-59.08
-5917;-90;10;;-59.17
-5927;-90;10;;-59.27
-5946;-90;10;;-59.46
-5936;-90;10;;-59.36
-5936;-90;10;;-59.36
-5946;-90;10;;-59.46
-5936;-90;10;;-59.36
-5941;-80;10;;-59.41
-5969;-80;10;;-59.69
-5941;-80;10;;-59.41
-5950;-80;10;;-59.5
-5941;-80;10;;-59.41
-5950;-80;10;;-59.5
-5950;-80;10;;-59.5
-5917;-70;10;;-59.17
-5936;-70;10;;-59.36
-5927;-70;10;;-59.27
-5936;-70;10;;-59.36
-5927;-70;10;;-59.27
-5917;-70;10;;-59.17
-5917;-70;10;;-59.17
-5913;-60;10;;-59.13
-5913;-60;10;;-59.13
-5922;-60;10;;-59.22
-5913;-60;10;;-59.13
-5941;-60;10;;-59.41
-5931;-60;10;;-59.31
-5903;-50;10;;-59.03
-5903;-50;10;;-59.03
-5903;-50;10;;-59.03
-5894;-50;10;;-58.94
-5894;-50;10;;-58.94
-5903;-50;10;;-59.03
-5903;-50;10;;-59.03
-5894;-40;10;;-58.94
-5875;-40;10;;-58.75
-5875;-40;10;;-58.75
-5866;-40;10;;-58.66
-5894;-40;10;;-58.94
-5856;-40;10;;-58.56
-5856;-30;10;;-58.56
-5856;-30;10;;-58.56
-5856;-30;10;;-58.56
-5875;-30;10;;-58.75
-5875;-30;10;;-58.75
-5847;-30;10;;-58.47
-5884;-30;10;;-58.84
-5823;-20;10;;-58.23
-5823;-20;10;;-58.23
-5823;-20;10;;-58.23
-5842;-20;10;;-58.42
-5833;-20;10;;-58.33
-5823;-20;10;;-58.23
-5823;-20;10;;-58.23
-5842;-10;10;;-58.42
-5833;-10;10;;-58.33
-5814;-10;10;;-58.14
-5842;-10;10;;-58.42
-5833;-10;10;;-58.33
-5842;-10;10;;-58.42
-5842;-10;10;;-58.42
-5828;0;10;;-58.28
-5837;0;10;;-58.37
-5828;0;10;;-58.28
-5847;0;10;;-58.47
-5828;0;10;;-58.28
-5847;0;10;;-58.47
