RSSI-Org;Robot X [m];Robot Y [m];Robot Z [m];Robot Rot Z [deg];Reading Number;Note;;phi;RSSI
-5931;1.7;0;0;90;1;Theta;;0;-59.31
-5931;1.7;0;0;90;1;Theta;;0;-59.31
-5922;1.7;0;0;90;1;Theta;;0;-59.22
-5922;1.7;0;0;90;1;Theta;;0;-59.22
-5931;1.7;0;0;90;1;Theta;;0;-59.31
-5931;1.7;0;0;90;1;Theta;;0;-59.31
-5922;1.7;0;0;95;1;Theta;;5;-59.22
-5950;1.7;0;0;95;1;Theta;;5;-59.5
-5931;1.7;0;0;95;1;Theta;;5;-59.31
-5931;1.7;0;0;95;1;Theta;;5;-59.31
-5931;1.7;0;0;95;1;Theta;;5;-59.31
-5960;1.7;0;0;95;1;Theta;;5;-59.6
-5950;1.7;0;0;95;1;Theta;;5;-59.5
-5913;1.7;0;0;100;1;Theta;;10;-59.13
-5931;1.7;0;0;100;1;Theta;;10;-59.31
-5941;1.7;0;0;100;1;Theta;;10;-59.41
-5931;1.7;0;0;100;1;Theta;;10;-59.31
-5913;1.7;0;0;100;1;Theta;;10;-59.13
-5922;1.7;0;0;100;1;Theta;;10;-59.22
-5931;1.7;0;0;100;1;Theta;;10;-59.31
-5927;1.7;0;0;105;1;Theta;;15;-59.27
-5927;1.7;0;0;105;1;Theta;;15;-59.27
-5936;1.7;0;0;105;1;Theta;;15;-59.36
-5927;1.7;0;0;105;1;Theta;;15;-59.27
-5927;1.7;0;0;105;1;Theta;;15;-59.27
-5936;1.7;0;0;105;1;Theta;;15;-59.36
-5988;1.7;0;0;110;1;Theta;;20;-59.88
-5997;1.7;0;0;110;1;Theta;;20;-59.97
-6007;1.7;0;0;110;1;Theta;;20;-60.07
-5988;1.7;0;0;110;1;Theta;;20;-59.88
-5997;1.7;0;0;110;1;Theta;;20;-59.97
-5988;1.7;0;0;110;1;Theta;;20;-59.88
-6007;1.7;0;0;110;1;Theta;;20;-60.07
-6072;1.7;0;0;115;1;Theta;;25;-60.72
-6072;1.7;0;0;115;1;Theta;;25;-60.72
-6072;1.7;0;0;115;1;Theta;;25;-60.72
-6063;1.7;0;0;115;1;Theta;;25;-60.63
-6054;1.7;0;0;115;1;Theta;;25;-60.54
-6063;1.7;0;0;115;1;Theta;;25;-60.63
-6119;1.7;0;0;120;1;Theta;;30;-61.19
-6110;1.7;0;0;120;1;Theta;;30;-61.1
-6138;1.7;0;0;120;1;Theta;;30;-61.38
-6110;1.7;0;0;120;1;Theta;;30;-61.1
-6119;1.7;0;0;120;1;Theta;;30;-61.19
-6138;1.7;0;0;120;1;Theta;;30;-61.38
-6110;1.7;0;0;120;1;Theta;;30;-61.1
-6185;1.7;0;0;125;1;Theta;;35;-61.85
-6204;1.7;0;0;125;1;Theta;;35;-62.04
-6213;1.7;0;0;125;1;Theta;;35;-62.13
-6195;1.7;0;0;125;1;Theta;;35;-61.95
-6185;1.7;0;0;125;1;Theta;;35;-61.85
-6204;1.7;0;0;125;1;Theta;;35;-62.04
-6195;1.7;0;0;125;1;Theta;;35;-61.95
-6265;1.7;0;0;130;1;Theta;;40;-62.65
-6265;1.7;0;0;130;1;Theta;;40;-62.65
-6284;1.7;0;0;130;1;Theta;;40;-62.84
-6284;1.7;0;0;130;1;Theta;;40;-62.84
-6265;1.7;0;0;130;1;Theta;;40;-62.65
-6265;1.7;0;0;130;1;Theta;;40;-62.65
-6303;1.7;0;0;130;1;Theta;;40;-63.03
-6383;1.7;0;0;135;1;Theta;;45;-63.83
-6364;1.7;0;0;135;1;Theta;;45;-63.64
-6383;1.7;0;0;135;1;Theta;;45;-63.83
-6373;1.7;0;0;135;1;Theta;;45;-63.73
-6401;1.7;0;0;135;1;Theta;;45;-64.01
-6420;1.7;0;0;135;1;Theta;;45;-64.2
-6434;1.7;0;0;140;1;Theta;;50;-64.34
-6434;1.7;0;0;140;1;Theta;;50;-64.34
-6434;1.7;0;0;140;1;Theta;;50;-64.34
-6453;1.7;0;0;140;1;Theta;;50;-64.53
-6434;1.7;0;0;140;1;Theta;;50;-64.34
-6434;1.7;0;0;140;1;Theta;;50;-64.34
-6538;1.7;0;0;145;1;Theta;;55;-65.38
-6528;1.7;0;0;145;1;Theta;;55;-65.28
-6557;1.7;0;0;145;1;Theta;;55;-65.57
-6528;1.7;0;0;145;1;Theta;;55;-65.28
-6557;1.7;0;0;145;1;Theta;;55;-65.57
-6547;1.7;0;0;145;1;Theta;;55;-65.47
-6538;1.7;0;0;145;1;Theta;;55;-65.38
-6636;1.7;0;0;150;1;Theta;;60;-66.36
-6646;1.7;0;0;150;1;Theta;;60;-66.46
-6627;1.7;0;0;150;1;Theta;;60;-66.27
-6655;1.7;0;0;150;1;Theta;;60;-66.55
-6674;1.7;0;0;150;1;Theta;;60;-66.74
-6683;1.7;0;0;150;1;Theta;;60;-66.83
-6636;1.7;0;0;150;1;Theta;;60;-66.36
-6749;1.7;0;0;155;1;Theta;;65;-67.49
-6787;1.7;0;0;155;1;Theta;;65;-67.87
-6787;1.7;0;0;155;1;Theta;;65;-67.87
-6787;1.7;0;0;155;1;Theta;;65;-67.87
-6759;1.7;0;0;155;1;Theta;;65;-67.59
-6768;1.7;0;0;155;1;Theta;;65;-67.68
-6768;1.7;0;0;155;1;Theta;;65;-67.68
-6895;1.7;0;0;160;1;Theta;;70;-68.95
-6848;1.7;0;0;160;1;Theta;;70;-68.48
-6867;1.7;0;0;160;1;Theta;;70;-68.67
-6867;1.7;0;0;160;1;Theta;;70;-68.67
-6857;1.7;0;0;160;1;Theta;;70;-68.57
-6848;1.7;0;0;160;1;Theta;;70;-68.48
-6895;1.7;0;0;160;1;Theta;;70;-68.95
-6951;1.7;0;0;165;1;Theta;;75;-69.51
-6970;1.7;0;0;165;1;Theta;;75;-69.7
-6923;1.7;0;0;165;1;Theta;;75;-69.23
-6961;1.7;0;0;165;1;Theta;;75;-69.61
-6970;1.7;0;0;165;1;Theta;;75;-69.7
-6961;1.7;0;0;165;1;Theta;;75;-69.61
-7045;1.7;0;0;170;1;Theta;;80;-70.45
-7055;1.7;0;0;170;1;Theta;;80;-70.55
-7083;1.7;0;0;170;1;Theta;;80;-70.83
-7045;1.7;0;0;170;1;Theta;;80;-70.45
-7064;1.7;0;0;170;1;Theta;;80;-70.64
-7027;1.7;0;0;170;1;Theta;;80;-70.27
-7045;1.7;0;0;170;1;Theta;;80;-70.45
-7125;1.7;0;0;175;1;Theta;;85;-71.25
-7116;1.7;0;0;175;1;Theta;;85;-71.16
-7125;1.7;0;0;175;1;Theta;;85;-71.25
-7144;1.7;0;0;175;1;Theta;;85;-71.44
-7135;1.7;0;0;175;1;Theta;;85;-71.35
-7097;1.7;0;0;175;1;Theta;;85;-70.97
-7116;1.7;0;0;175;1;Theta;;85;-71.16
-5917;1.7;0;0;85;1;Theta;;-5;-59.17
-5927;1.7;0;0;85;1;Theta;;-5;-59.27
-5946;1.7;0;0;85;1;Theta;;-5;-59.46
-5946;1.7;0;0;85;1;Theta;;-5;-59.46
-5917;1.7;0;0;85;1;Theta;;-5;-59.17
-5927;1.7;0;0;85;1;Theta;;-5;-59.27
-5908;1.7;0;0;85;1;Theta;;-5;-59.08
-5969;1.7;0;0;80;1;Theta;;-10;-59.69
-5988;1.7;0;0;80;1;Theta;;-10;-59.88
-5978;1.7;0;0;80;1;Theta;;-10;-59.78
-5978;1.7;0;0;80;1;Theta;;-10;-59.78
-5997;1.7;0;0;80;1;Theta;;-10;-59.97
-5969;1.7;0;0;80;1;Theta;;-10;-59.69
-5978;1.7;0;0;80;1;Theta;;-10;-59.78
-6011;1.7;0;0;75;1;Theta;;-15;-60.11
-6011;1.7;0;0;75;1;Theta;;-15;-60.11
-6030;1.7;0;0;75;1;Theta;;-15;-60.3
-6030;1.7;0;0;75;1;Theta;;-15;-60.3
-6021;1.7;0;0;75;1;Theta;;-15;-60.21
-6021;1.7;0;0;75;1;Theta;;-15;-60.21
-6021;1.7;0;0;75;1;Theta;;-15;-60.21
-6091;1.7;0;0;70;1;Theta;;-20;-60.91
-6091;1.7;0;0;70;1;Theta;;-20;-60.91
-6101;1.7;0;0;70;1;Theta;;-20;-61.01
-6082;1.7;0;0;70;1;Theta;;-20;-60.82
-6101;1.7;0;0;70;1;Theta;;-20;-61.01
-6101;1.7;0;0;70;1;Theta;;-20;-61.01
-6251;1.7;0;0;65;1;Theta;;-25;-62.51
-6232;1.7;0;0;65;1;Theta;;-25;-62.32
-6232;1.7;0;0;65;1;Theta;;-25;-62.32
-6232;1.7;0;0;65;1;Theta;;-25;-62.32
-6242;1.7;0;0;65;1;Theta;;-25;-62.42
-6223;1.7;0;0;65;1;Theta;;-25;-62.23
-6223;1.7;0;0;65;1;Theta;;-25;-62.23
-6317;1.7;0;0;60;1;Theta;;-30;-63.17
-6354;1.7;0;0;60;1;Theta;;-30;-63.54
-6326;1.7;0;0;60;1;Theta;;-30;-63.26
-6345;1.7;0;0;60;1;Theta;;-30;-63.45
-6336;1.7;0;0;60;1;Theta;;-30;-63.36
-6373;1.7;0;0;60;1;Theta;;-30;-63.73
-6571;1.7;0;0;55;1;Theta;;-35;-65.71
-6524;1.7;0;0;55;1;Theta;;-35;-65.24
-6580;1.7;0;0;55;1;Theta;;-35;-65.8
-6542;1.7;0;0;55;1;Theta;;-35;-65.42
-6561;1.7;0;0;55;1;Theta;;-35;-65.61
-6552;1.7;0;0;55;1;Theta;;-35;-65.52
-6683;1.7;0;0;50;1;Theta;;-40;-66.83
-6627;1.7;0;0;50;1;Theta;;-40;-66.27
-6693;1.7;0;0;50;1;Theta;;-40;-66.93
-6683;1.7;0;0;50;1;Theta;;-40;-66.83
-6665;1.7;0;0;50;1;Theta;;-40;-66.65
-6702;1.7;0;0;50;1;Theta;;-40;-67.02
-6857;1.7;0;0;45;1;Theta;;-45;-68.57
-6857;1.7;0;0;45;1;Theta;;-45;-68.57
-6848;1.7;0;0;45;1;Theta;;-45;-68.48
-6876;1.7;0;0;45;1;Theta;;-45;-68.76
-6876;1.7;0;0;45;1;Theta;;-45;-68.76
-6876;1.7;0;0;45;1;Theta;;-45;-68.76
-7116;1.7;0;0;40;1;Theta;;-50;-71.16
-7069;1.7;0;0;40;1;Theta;;-50;-70.69
-7116;1.7;0;0;40;1;Theta;;-50;-71.16
-7106;1.7;0;0;40;1;Theta;;-50;-71.06
-7106;1.7;0;0;40;1;Theta;;-50;-71.06
-7031;1.7;0;0;40;1;Theta;;-50;-70.31
-7276;1.7;0;0;35;1;Theta;;-55;-72.76
-7313;1.7;0;0;35;1;Theta;;-55;-73.13
-7285;1.7;0;0;35;1;Theta;;-55;-72.85
-7304;1.7;0;0;35;1;Theta;;-55;-73.04
-7313;1.7;0;0;35;1;Theta;;-55;-73.13
-7191;1.7;0;0;35;1;Theta;;-55;-71.91
-7529;1.7;0;0;30;1;Theta;;-60;-75.29
-7529;1.7;0;0;30;1;Theta;;-60;-75.29
-7454;1.7;0;0;30;1;Theta;;-60;-74.54
-7548;1.7;0;0;30;1;Theta;;-60;-75.48
-7492;1.7;0;0;30;1;Theta;;-60;-74.92
-7407;1.7;0;0;30;1;Theta;;-60;-74.07
-7445;1.7;0;0;25;1;Theta;;-65;-74.45
-7501;1.7;0;0;25;1;Theta;;-65;-75.01
-7529;1.7;0;0;25;1;Theta;;-65;-75.29
-7445;1.7;0;0;25;1;Theta;;-65;-74.45
-7501;1.7;0;0;25;1;Theta;;-65;-75.01
-7379;1.7;0;0;25;1;Theta;;-65;-73.79
-7464;1.7;0;0;25;1;Theta;;-65;-74.64
-7511;1.7;0;0;20;1;Theta;;-70;-75.11
-7539;1.7;0;0;20;1;Theta;;-70;-75.39
-7529;1.7;0;0;20;1;Theta;;-70;-75.29
-7576;1.7;0;0;20;1;Theta;;-70;-75.76
-7558;1.7;0;0;20;1;Theta;;-70;-75.58
-7548;1.7;0;0;20;1;Theta;;-70;-75.48
-7482;1.7;0;0;15;1;Theta;;-75;-74.82
-7567;1.7;0;0;15;1;Theta;;-75;-75.67
-7388;1.7;0;0;15;1;Theta;;-75;-73.88
-7520;1.7;0;0;15;1;Theta;;-75;-75.2
-7595;1.7;0;0;15;1;Theta;;-75;-75.95
-7473;1.7;0;0;15;1;Theta;;-75;-74.73
-7529;1.7;0;0;15;1;Theta;;-75;-75.29
-5917;1.7;0;0;90;2;Theta;;0;-59.17
-5936;1.7;0;0;90;2;Theta;;0;-59.36
-5927;1.7;0;0;90;2;Theta;;0;-59.27
-5946;1.7;0;0;90;2;Theta;;0;-59.46
-5927;1.7;0;0;90;2;Theta;;0;-59.27
-5927;1.7;0;0;90;2;Theta;;0;-59.27
-5913;1.7;0;0;95;2;Theta;;5;-59.13
-5922;1.7;0;0;95;2;Theta;;5;-59.22
-5903;1.7;0;0;95;2;Theta;;5;-59.03
-5922;1.7;0;0;95;2;Theta;;5;-59.22
-5913;1.7;0;0;95;2;Theta;;5;-59.13
-5913;1.7;0;0;95;2;Theta;;5;-59.13
-5922;1.7;0;0;95;2;Theta;;5;-59.22
-5903;1.7;0;0;100;2;Theta;;10;-59.03
-5903;1.7;0;0;100;2;Theta;;10;-59.03
-5894;1.7;0;0;100;2;Theta;;10;-58.94
-5913;1.7;0;0;100;2;Theta;;10;-59.13
-5913;1.7;0;0;100;2;Theta;;10;-59.13
-5913;1.7;0;0;100;2;Theta;;10;-59.13
-5913;1.7;0;0;100;2;Theta;;10;-59.13
-5913;1.7;0;0;105;2;Theta;;15;-59.13
-5941;1.7;0;0;105;2;Theta;;15;-59.41
-5922;1.7;0;0;105;2;Theta;;15;-59.22
-5913;1.7;0;0;105;2;Theta;;15;-59.13
-5913;1.7;0;0;105;2;Theta;;15;-59.13
-5922;1.7;0;0;105;2;Theta;;15;-59.22
-5969;1.7;0;0;110;2;Theta;;20;-59.69
-5950;1.7;0;0;110;2;Theta;;20;-59.5
-5950;1.7;0;0;110;2;Theta;;20;-59.5
-5960;1.7;0;0;110;2;Theta;;20;-59.6
-5950;1.7;0;0;110;2;Theta;;20;-59.5
-5969;1.7;0;0;110;2;Theta;;20;-59.69
-5960;1.7;0;0;110;2;Theta;;20;-59.6
-6025;1.7;0;0;115;2;Theta;;25;-60.25
-6007;1.7;0;0;115;2;Theta;;25;-60.07
-6025;1.7;0;0;115;2;Theta;;25;-60.25
-6054;1.7;0;0;115;2;Theta;;25;-60.54
-6016;1.7;0;0;115;2;Theta;;25;-60.16
-6025;1.7;0;0;115;2;Theta;;25;-60.25
-6025;1.7;0;0;115;2;Theta;;25;-60.25
-6058;1.7;0;0;120;2;Theta;;30;-60.58
-6077;1.7;0;0;120;2;Theta;;30;-60.77
-6068;1.7;0;0;120;2;Theta;;30;-60.68
-6068;1.7;0;0;120;2;Theta;;30;-60.68
-6096;1.7;0;0;120;2;Theta;;30;-60.96
-6105;1.7;0;0;120;2;Theta;;30;-61.05
-6105;1.7;0;0;120;2;Theta;;30;-61.05
-6157;1.7;0;0;125;2;Theta;;35;-61.57
-6166;1.7;0;0;125;2;Theta;;35;-61.66
-6166;1.7;0;0;125;2;Theta;;35;-61.66
-6166;1.7;0;0;125;2;Theta;;35;-61.66
-6166;1.7;0;0;125;2;Theta;;35;-61.66
-6157;1.7;0;0;125;2;Theta;;35;-61.57
-6157;1.7;0;0;125;2;Theta;;35;-61.57
-6242;1.7;0;0;130;2;Theta;;40;-62.42
-6298;1.7;0;0;130;2;Theta;;40;-62.98
-6279;1.7;0;0;130;2;Theta;;40;-62.79
-6279;1.7;0;0;130;2;Theta;;40;-62.79
-6270;1.7;0;0;130;2;Theta;;40;-62.7
-6279;1.7;0;0;130;2;Theta;;40;-62.79
-6270;1.7;0;0;130;2;Theta;;40;-62.7
-6336;1.7;0;0;135;2;Theta;;45;-63.36
-6354;1.7;0;0;135;2;Theta;;45;-63.54
-6383;1.7;0;0;135;2;Theta;;45;-63.83
-6354;1.7;0;0;135;2;Theta;;45;-63.54
-6383;1.7;0;0;135;2;Theta;;45;-63.83
-6373;1.7;0;0;135;2;Theta;;45;-63.73
-6392;1.7;0;0;135;2;Theta;;45;-63.92
-6467;1.7;0;0;140;2;Theta;;50;-64.67
-6439;1.7;0;0;140;2;Theta;;50;-64.39
-6458;1.7;0;0;140;2;Theta;;50;-64.58
-6467;1.7;0;0;140;2;Theta;;50;-64.67
-6430;1.7;0;0;140;2;Theta;;50;-64.3
-6448;1.7;0;0;140;2;Theta;;50;-64.48
-6477;1.7;0;0;140;2;Theta;;50;-64.77
-6552;1.7;0;0;145;2;Theta;;55;-65.52
-6533;1.7;0;0;145;2;Theta;;55;-65.33
-6486;1.7;0;0;145;2;Theta;;55;-64.86
-6514;1.7;0;0;145;2;Theta;;55;-65.14
-6514;1.7;0;0;145;2;Theta;;55;-65.14
-6552;1.7;0;0;145;2;Theta;;55;-65.52
-6533;1.7;0;0;145;2;Theta;;55;-65.33
-6669;1.7;0;0;150;2;Theta;;60;-66.69
-6669;1.7;0;0;150;2;Theta;;60;-66.69
-6669;1.7;0;0;150;2;Theta;;60;-66.69
-6604;1.7;0;0;150;2;Theta;;60;-66.04
-6641;1.7;0;0;150;2;Theta;;60;-66.41
-6660;1.7;0;0;150;2;Theta;;60;-66.6
-6669;1.7;0;0;150;2;Theta;;60;-66.69
-6759;1.7;0;0;155;2;Theta;;65;-67.59
-6796;1.7;0;0;155;2;Theta;;65;-67.96
-6777;1.7;0;0;155;2;Theta;;65;-67.77
-6759;1.7;0;0;155;2;Theta;;65;-67.59
-6777;1.7;0;0;155;2;Theta;;65;-67.77
-6777;1.7;0;0;155;2;Theta;;65;-67.77
-6918;1.7;0;0;160;2;Theta;;70;-69.18
-6928;1.7;0;0;160;2;Theta;;70;-69.28
-6890;1.7;0;0;160;2;Theta;;70;-68.9
-6881;1.7;0;0;160;2;Theta;;70;-68.81
-6900;1.7;0;0;160;2;Theta;;70;-69
-6881;1.7;0;0;160;2;Theta;;70;-68.81
-6956;1.7;0;0;165;2;Theta;;75;-69.56
-6947;1.7;0;0;165;2;Theta;;75;-69.47
-6965;1.7;0;0;165;2;Theta;;75;-69.65
-6956;1.7;0;0;165;2;Theta;;75;-69.56
-6947;1.7;0;0;165;2;Theta;;75;-69.47
-6965;1.7;0;0;165;2;Theta;;75;-69.65
-6947;1.7;0;0;165;2;Theta;;75;-69.47
-7078;1.7;0;0;170;2;Theta;;80;-70.78
-7050;1.7;0;0;170;2;Theta;;80;-70.5
-7069;1.7;0;0;170;2;Theta;;80;-70.69
-7059;1.7;0;0;170;2;Theta;;80;-70.59
-7069;1.7;0;0;170;2;Theta;;80;-70.69
-7059;1.7;0;0;170;2;Theta;;80;-70.59
-7031;1.7;0;0;170;2;Theta;;80;-70.31
-7088;1.7;0;0;175;2;Theta;;85;-70.88
-7116;1.7;0;0;175;2;Theta;;85;-71.16
-7116;1.7;0;0;175;2;Theta;;85;-71.16
-7106;1.7;0;0;175;2;Theta;;85;-71.06
-7182;1.7;0;0;175;2;Theta;;85;-71.82
-7088;1.7;0;0;175;2;Theta;;85;-70.88
-5941;1.7;0;0;85;2;Theta;;-5;-59.41
-5941;1.7;0;0;85;2;Theta;;-5;-59.41
-5950;1.7;0;0;85;2;Theta;;-5;-59.5
-5931;1.7;0;0;85;2;Theta;;-5;-59.31
-5950;1.7;0;0;85;2;Theta;;-5;-59.5
-5931;1.7;0;0;85;2;Theta;;-5;-59.31
-5941;1.7;0;0;85;2;Theta;;-5;-59.41
-5993;1.7;0;0;80;2;Theta;;-10;-59.93
-5993;1.7;0;0;80;2;Theta;;-10;-59.93
-5974;1.7;0;0;80;2;Theta;;-10;-59.74
-5983;1.7;0;0;80;2;Theta;;-10;-59.83
-5974;1.7;0;0;80;2;Theta;;-10;-59.74
-5974;1.7;0;0;80;2;Theta;;-10;-59.74
-5983;1.7;0;0;80;2;Theta;;-10;-59.83
-6049;1.7;0;0;75;2;Theta;;-15;-60.49
-6049;1.7;0;0;75;2;Theta;;-15;-60.49
-6049;1.7;0;0;75;2;Theta;;-15;-60.49
-6040;1.7;0;0;75;2;Theta;;-15;-60.4
-6058;1.7;0;0;75;2;Theta;;-15;-60.58
-6030;1.7;0;0;75;2;Theta;;-15;-60.3
-6134;1.7;0;0;70;2;Theta;;-20;-61.34
-6124;1.7;0;0;70;2;Theta;;-20;-61.24
-6134;1.7;0;0;70;2;Theta;;-20;-61.34
-6134;1.7;0;0;70;2;Theta;;-20;-61.34
-6152;1.7;0;0;70;2;Theta;;-20;-61.52
-6134;1.7;0;0;70;2;Theta;;-20;-61.34
-6143;1.7;0;0;70;2;Theta;;-20;-61.43
-6270;1.7;0;0;65;2;Theta;;-25;-62.7
-6270;1.7;0;0;65;2;Theta;;-25;-62.7
-6317;1.7;0;0;65;2;Theta;;-25;-63.17
-6289;1.7;0;0;65;2;Theta;;-25;-62.89
-6298;1.7;0;0;65;2;Theta;;-25;-62.98
-6298;1.7;0;0;65;2;Theta;;-25;-62.98
-6345;1.7;0;0;60;2;Theta;;-30;-63.45
-6345;1.7;0;0;60;2;Theta;;-30;-63.45
-6326;1.7;0;0;60;2;Theta;;-30;-63.26
-6298;1.7;0;0;60;2;Theta;;-30;-62.98
-6307;1.7;0;0;60;2;Theta;;-30;-63.07
-6317;1.7;0;0;60;2;Theta;;-30;-63.17
-6491;1.7;0;0;55;2;Theta;;-35;-64.91
-6500;1.7;0;0;55;2;Theta;;-35;-65
-6510;1.7;0;0;55;2;Theta;;-35;-65.1
-6538;1.7;0;0;55;2;Theta;;-35;-65.38
-6519;1.7;0;0;55;2;Theta;;-35;-65.19
-6510;1.7;0;0;55;2;Theta;;-35;-65.1
-6669;1.7;0;0;50;2;Theta;;-40;-66.69
-6641;1.7;0;0;50;2;Theta;;-40;-66.41
-6660;1.7;0;0;50;2;Theta;;-40;-66.6
-6651;1.7;0;0;50;2;Theta;;-40;-66.51
-6641;1.7;0;0;50;2;Theta;;-40;-66.41
-6641;1.7;0;0;50;2;Theta;;-40;-66.41
-6829;1.7;0;0;45;2;Theta;;-45;-68.29
-6801;1.7;0;0;45;2;Theta;;-45;-68.01
-6857;1.7;0;0;45;2;Theta;;-45;-68.57
-6829;1.7;0;0;45;2;Theta;;-45;-68.29
-6867;1.7;0;0;45;2;Theta;;-45;-68.67
-6848;1.7;0;0;45;2;Theta;;-45;-68.48
-7041;1.7;0;0;40;2;Theta;;-50;-70.41
-7031;1.7;0;0;40;2;Theta;;-50;-70.31
-7050;1.7;0;0;40;2;Theta;;-50;-70.5
-7088;1.7;0;0;40;2;Theta;;-50;-70.88
-7041;1.7;0;0;40;2;Theta;;-50;-70.41
-7078;1.7;0;0;40;2;Theta;;-50;-70.78
-7370;1.7;0;0;35;2;Theta;;-55;-73.7
-7464;1.7;0;0;35;2;Theta;;-55;-74.64
-7360;1.7;0;0;35;2;Theta;;-55;-73.6
-7313;1.7;0;0;35;2;Theta;;-55;-73.13
-7388;1.7;0;0;35;2;Theta;;-55;-73.88
-7445;1.7;0;0;35;2;Theta;;-55;-74.45
-7351;1.7;0;0;35;2;Theta;;-55;-73.51
-7478;1.7;0;0;30;2;Theta;;-60;-74.78
-7450;1.7;0;0;30;2;Theta;;-60;-74.5
-7487;1.7;0;0;30;2;Theta;;-60;-74.87
-7497;1.7;0;0;30;2;Theta;;-60;-74.97
-7487;1.7;0;0;30;2;Theta;;-60;-74.87
-7487;1.7;0;0;30;2;Theta;;-60;-74.87
-7614;1.7;0;0;25;2;Theta;;-65;-76.14
-7576;1.7;0;0;25;2;Theta;;-65;-75.76
-7605;1.7;0;0;25;2;Theta;;-65;-76.05
-7576;1.7;0;0;25;2;Theta;;-65;-75.76
-7680;1.7;0;0;25;2;Theta;;-65;-76.8
-7567;1.7;0;0;25;2;Theta;;-65;-75.67
-7652;1.7;0;0;20;2;Theta;;-70;-76.52
-7529;1.7;0;0;20;2;Theta;;-70;-75.29
-7558;1.7;0;0;20;2;Theta;;-70;-75.58
-7680;1.7;0;0;20;2;Theta;;-70;-76.8
-7661;1.7;0;0;20;2;Theta;;-70;-76.61
-7605;1.7;0;0;20;2;Theta;;-70;-76.05
-7689;1.7;0;0;20;2;Theta;;-70;-76.89
-7365;1.7;0;0;15;2;Theta;;-75;-73.65
-7412;1.7;0;0;15;2;Theta;;-75;-74.12
-7487;1.7;0;0;15;2;Theta;;-75;-74.87
-7487;1.7;0;0;15;2;Theta;;-75;-74.87
-7553;1.7;0;0;15;2;Theta;;-75;-75.53
-7525;1.7;0;0;15;2;Theta;;-75;-75.25
-7525;1.7;0;0;15;2;Theta;;-75;-75.25
-5969;1.7;0;0;90;3;Theta;;0;-59.69
-5960;1.7;0;0;90;3;Theta;;0;-59.6
-5960;1.7;0;0;90;3;Theta;;0;-59.6
-5960;1.7;0;0;90;3;Theta;;0;-59.6
-5969;1.7;0;0;90;3;Theta;;0;-59.69
-5969;1.7;0;0;90;3;Theta;;0;-59.69
-5960;1.7;0;0;90;3;Theta;;0;-59.6
-5903;1.7;0;0;95;3;Theta;;5;-59.03
-5903;1.7;0;0;95;3;Theta;;5;-59.03
-5903;1.7;0;0;95;3;Theta;;5;-59.03
-5913;1.7;0;0;95;3;Theta;;5;-59.13
-5913;1.7;0;0;95;3;Theta;;5;-59.13
-5903;1.7;0;0;95;3;Theta;;5;-59.03
-5922;1.7;0;0;95;3;Theta;;5;-59.22
-5922;1.7;0;0;100;3;Theta;;10;-59.22
-5913;1.7;0;0;100;3;Theta;;10;-59.13
-5922;1.7;0;0;100;3;Theta;;10;-59.22
-5922;1.7;0;0;100;3;Theta;;10;-59.22
-5913;1.7;0;0;100;3;Theta;;10;-59.13
-5931;1.7;0;0;100;3;Theta;;10;-59.31
-5931;1.7;0;0;100;3;Theta;;10;-59.31
-5922;1.7;0;0;105;3;Theta;;15;-59.22
-5922;1.7;0;0;105;3;Theta;;15;-59.22
-5922;1.7;0;0;105;3;Theta;;15;-59.22
-5931;1.7;0;0;105;3;Theta;;15;-59.31
-5931;1.7;0;0;105;3;Theta;;15;-59.31
-5922;1.7;0;0;105;3;Theta;;15;-59.22
-5931;1.7;0;0;105;3;Theta;;15;-59.31
-6002;1.7;0;0;110;3;Theta;;20;-60.02
-6021;1.7;0;0;110;3;Theta;;20;-60.21
-5993;1.7;0;0;110;3;Theta;;20;-59.93
-5993;1.7;0;0;110;3;Theta;;20;-59.93
-6011;1.7;0;0;110;3;Theta;;20;-60.11
-6002;1.7;0;0;110;3;Theta;;20;-60.02
-6021;1.7;0;0;110;3;Theta;;20;-60.21
-6063;1.7;0;0;115;3;Theta;;25;-60.63
-6063;1.7;0;0;115;3;Theta;;25;-60.63
-6054;1.7;0;0;115;3;Theta;;25;-60.54
-6072;1.7;0;0;115;3;Theta;;25;-60.72
-6054;1.7;0;0;115;3;Theta;;25;-60.54
-6063;1.7;0;0;115;3;Theta;;25;-60.63
-6101;1.7;0;0;120;3;Theta;;30;-61.01
-6082;1.7;0;0;120;3;Theta;;30;-60.82
-6082;1.7;0;0;120;3;Theta;;30;-60.82
-6082;1.7;0;0;120;3;Theta;;30;-60.82
-6101;1.7;0;0;120;3;Theta;;30;-61.01
-6091;1.7;0;0;120;3;Theta;;30;-60.91
-6101;1.7;0;0;120;3;Theta;;30;-61.01
-6260;1.7;0;0;125;3;Theta;;35;-62.6
-6270;1.7;0;0;125;3;Theta;;35;-62.7
-6270;1.7;0;0;125;3;Theta;;35;-62.7
-6289;1.7;0;0;125;3;Theta;;35;-62.89
-6270;1.7;0;0;125;3;Theta;;35;-62.7
-6270;1.7;0;0;125;3;Theta;;35;-62.7
-6279;1.7;0;0;125;3;Theta;;35;-62.79
-6270;1.7;0;0;130;3;Theta;;40;-62.7
-6251;1.7;0;0;130;3;Theta;;40;-62.51
-6260;1.7;0;0;130;3;Theta;;40;-62.6
-6242;1.7;0;0;130;3;Theta;;40;-62.42
-6242;1.7;0;0;130;3;Theta;;40;-62.42
-6232;1.7;0;0;130;3;Theta;;40;-62.32
-6242;1.7;0;0;130;3;Theta;;40;-62.42
-6373;1.7;0;0;135;3;Theta;;45;-63.73
-6392;1.7;0;0;135;3;Theta;;45;-63.92
-6383;1.7;0;0;135;3;Theta;;45;-63.83
-6401;1.7;0;0;135;3;Theta;;45;-64.01
-6364;1.7;0;0;135;3;Theta;;45;-63.64
-6411;1.7;0;0;135;3;Theta;;45;-64.11
-6392;1.7;0;0;135;3;Theta;;45;-63.92
-6477;1.7;0;0;140;3;Theta;;50;-64.77
-6477;1.7;0;0;140;3;Theta;;50;-64.77
-6477;1.7;0;0;140;3;Theta;;50;-64.77
-6458;1.7;0;0;140;3;Theta;;50;-64.58
-6467;1.7;0;0;140;3;Theta;;50;-64.67
-6477;1.7;0;0;140;3;Theta;;50;-64.77
-6477;1.7;0;0;140;3;Theta;;50;-64.77
-6533;1.7;0;0;145;3;Theta;;55;-65.33
-6552;1.7;0;0;145;3;Theta;;55;-65.52
-6561;1.7;0;0;145;3;Theta;;55;-65.61
-6561;1.7;0;0;145;3;Theta;;55;-65.61
-6542;1.7;0;0;145;3;Theta;;55;-65.42
-6599;1.7;0;0;145;3;Theta;;55;-65.99
-6580;1.7;0;0;145;3;Theta;;55;-65.8
-6618;1.7;0;0;150;3;Theta;;60;-66.18
-6618;1.7;0;0;150;3;Theta;;60;-66.18
-6665;1.7;0;0;150;3;Theta;;60;-66.65
-6627;1.7;0;0;150;3;Theta;;60;-66.27
-6636;1.7;0;0;150;3;Theta;;60;-66.36
-6665;1.7;0;0;150;3;Theta;;60;-66.65
-6773;1.7;0;0;155;3;Theta;;65;-67.73
-6782;1.7;0;0;155;3;Theta;;65;-67.82
-6801;1.7;0;0;155;3;Theta;;65;-68.01
-6782;1.7;0;0;155;3;Theta;;65;-67.82
-6820;1.7;0;0;155;3;Theta;;65;-68.2
-6782;1.7;0;0;155;3;Theta;;65;-67.82
-6914;1.7;0;0;160;3;Theta;;70;-69.14
-6886;1.7;0;0;160;3;Theta;;70;-68.86
-6914;1.7;0;0;160;3;Theta;;70;-69.14
-6951;1.7;0;0;160;3;Theta;;70;-69.51
-6895;1.7;0;0;160;3;Theta;;70;-68.95
-6886;1.7;0;0;160;3;Theta;;70;-68.86
-6933;1.7;0;0;160;3;Theta;;70;-69.33
-6975;1.7;0;0;165;3;Theta;;75;-69.75
-6965;1.7;0;0;165;3;Theta;;75;-69.65
-6994;1.7;0;0;165;3;Theta;;75;-69.94
-6975;1.7;0;0;165;3;Theta;;75;-69.75
-7022;1.7;0;0;165;3;Theta;;75;-70.22
-7031;1.7;0;0;165;3;Theta;;75;-70.31
-6984;1.7;0;0;165;3;Theta;;75;-69.84
-7125;1.7;0;0;170;3;Theta;;80;-71.25
-7078;1.7;0;0;170;3;Theta;;80;-70.78
-7097;1.7;0;0;170;3;Theta;;80;-70.97
-7125;1.7;0;0;170;3;Theta;;80;-71.25
-7097;1.7;0;0;170;3;Theta;;80;-70.97
-7106;1.7;0;0;170;3;Theta;;80;-71.06
-7106;1.7;0;0;170;3;Theta;;80;-71.06
-7153;1.7;0;0;175;3;Theta;;85;-71.53
-7191;1.7;0;0;175;3;Theta;;85;-71.91
-7163;1.7;0;0;175;3;Theta;;85;-71.63
-7163;1.7;0;0;175;3;Theta;;85;-71.63
-7182;1.7;0;0;175;3;Theta;;85;-71.82
-7210;1.7;0;0;175;3;Theta;;85;-72.1
-7163;1.7;0;0;175;3;Theta;;85;-71.63
-5931;1.7;0;0;85;3;Theta;;-5;-59.31
-5960;1.7;0;0;85;3;Theta;;-5;-59.6
-5941;1.7;0;0;85;3;Theta;;-5;-59.41
-5941;1.7;0;0;85;3;Theta;;-5;-59.41
-5931;1.7;0;0;85;3;Theta;;-5;-59.31
-5960;1.7;0;0;85;3;Theta;;-5;-59.6
-5969;1.7;0;0;80;3;Theta;;-10;-59.69
-5988;1.7;0;0;80;3;Theta;;-10;-59.88
-5978;1.7;0;0;80;3;Theta;;-10;-59.78
-5988;1.7;0;0;80;3;Theta;;-10;-59.88
-5988;1.7;0;0;80;3;Theta;;-10;-59.88
-5978;1.7;0;0;80;3;Theta;;-10;-59.78
-6044;1.7;0;0;75;3;Theta;;-15;-60.44
-6054;1.7;0;0;75;3;Theta;;-15;-60.54
-6054;1.7;0;0;75;3;Theta;;-15;-60.54
-6035;1.7;0;0;75;3;Theta;;-15;-60.35
-6063;1.7;0;0;75;3;Theta;;-15;-60.63
-6054;1.7;0;0;75;3;Theta;;-15;-60.54
-6138;1.7;0;0;70;3;Theta;;-20;-61.38
-6176;1.7;0;0;70;3;Theta;;-20;-61.76
-6157;1.7;0;0;70;3;Theta;;-20;-61.57
-6185;1.7;0;0;70;3;Theta;;-20;-61.85
-6166;1.7;0;0;70;3;Theta;;-20;-61.66
-6148;1.7;0;0;70;3;Theta;;-20;-61.48
-6242;1.7;0;0;65;3;Theta;;-25;-62.42
-6260;1.7;0;0;65;3;Theta;;-25;-62.6
-6251;1.7;0;0;65;3;Theta;;-25;-62.51
-6260;1.7;0;0;65;3;Theta;;-25;-62.6
-6260;1.7;0;0;65;3;Theta;;-25;-62.6
-6270;1.7;0;0;65;3;Theta;;-25;-62.7
-6387;1.7;0;0;60;3;Theta;;-30;-63.87
-6340;1.7;0;0;60;3;Theta;;-30;-63.4
-6340;1.7;0;0;60;3;Theta;;-30;-63.4
-6350;1.7;0;0;60;3;Theta;;-30;-63.5
-6369;1.7;0;0;60;3;Theta;;-30;-63.69
-6350;1.7;0;0;60;3;Theta;;-30;-63.5
-6580;1.7;0;0;55;3;Theta;;-35;-65.8
-6533;1.7;0;0;55;3;Theta;;-35;-65.33
-6571;1.7;0;0;55;3;Theta;;-35;-65.71
-6533;1.7;0;0;55;3;Theta;;-35;-65.33
-6524;1.7;0;0;55;3;Theta;;-35;-65.24
-6552;1.7;0;0;55;3;Theta;;-35;-65.52
-6524;1.7;0;0;55;3;Theta;;-35;-65.24
-6669;1.7;0;0;50;3;Theta;;-40;-66.69
-6707;1.7;0;0;50;3;Theta;;-40;-67.07
-6651;1.7;0;0;50;3;Theta;;-40;-66.51
-6707;1.7;0;0;50;3;Theta;;-40;-67.07
-6726;1.7;0;0;50;3;Theta;;-40;-67.26
-6745;1.7;0;0;50;3;Theta;;-40;-67.45
-6773;1.7;0;0;45;3;Theta;;-45;-67.73
-6857;1.7;0;0;45;3;Theta;;-45;-68.57
-6773;1.7;0;0;45;3;Theta;;-45;-67.73
-6773;1.7;0;0;45;3;Theta;;-45;-67.73
-6820;1.7;0;0;45;3;Theta;;-45;-68.2
-6829;1.7;0;0;45;3;Theta;;-45;-68.29
-7017;1.7;0;0;40;3;Theta;;-50;-70.17
-7027;1.7;0;0;40;3;Theta;;-50;-70.27
-7083;1.7;0;0;40;3;Theta;;-50;-70.83
-7027;1.7;0;0;40;3;Theta;;-50;-70.27
-7017;1.7;0;0;40;3;Theta;;-50;-70.17
-7045;1.7;0;0;40;3;Theta;;-50;-70.45
-7309;1.7;0;0;35;3;Theta;;-55;-73.09
-7440;1.7;0;0;35;3;Theta;;-55;-74.4
-7346;1.7;0;0;35;3;Theta;;-55;-73.46
-7365;1.7;0;0;35;3;Theta;;-55;-73.65
-7374;1.7;0;0;35;3;Theta;;-55;-73.74
-7365;1.7;0;0;35;3;Theta;;-55;-73.65
-7370;1.7;0;0;30;3;Theta;;-60;-73.7
-7482;1.7;0;0;30;3;Theta;;-60;-74.82
-7548;1.7;0;0;30;3;Theta;;-60;-75.48
-7567;1.7;0;0;30;3;Theta;;-60;-75.67
-7539;1.7;0;0;30;3;Theta;;-60;-75.39
-7501;1.7;0;0;30;3;Theta;;-60;-75.01
-7544;1.7;0;0;25;3;Theta;;-65;-75.44
-7628;1.7;0;0;25;3;Theta;;-65;-76.28
-7703;1.7;0;0;25;3;Theta;;-65;-77.03
-7619;1.7;0;0;25;3;Theta;;-65;-76.19
-7562;1.7;0;0;25;3;Theta;;-65;-75.62
-7619;1.7;0;0;25;3;Theta;;-65;-76.19
-7595;1.7;0;0;20;3;Theta;;-70;-75.95
-7670;1.7;0;0;20;3;Theta;;-70;-76.7
-7633;1.7;0;0;20;3;Theta;;-70;-76.33
-7661;1.7;0;0;20;3;Theta;;-70;-76.61
-7492;1.7;0;0;20;3;Theta;;-70;-74.92
-7567;1.7;0;0;20;3;Theta;;-70;-75.67
-7835;1.7;0;0;15;3;Theta;;-75;-78.35
-7713;1.7;0;0;15;3;Theta;;-75;-77.13
-7797;1.7;0;0;15;3;Theta;;-75;-77.97
-7694;1.7;0;0;15;3;Theta;;-75;-76.94
-8042;1.7;0;0;15;3;Theta;;-75;-80.42
-7901;1.7;0;0;15;3;Theta;;-75;-79.01
-5941;1.7;0;0;90;4;Theta;;0;-59.41
-5941;1.7;0;0;90;4;Theta;;0;-59.41
-5950;1.7;0;0;90;4;Theta;;0;-59.5
-5960;1.7;0;0;90;4;Theta;;0;-59.6
-5941;1.7;0;0;90;4;Theta;;0;-59.41
-5960;1.7;0;0;90;4;Theta;;0;-59.6
-5931;1.7;0;0;95;4;Theta;;5;-59.31
-5941;1.7;0;0;95;4;Theta;;5;-59.41
-5913;1.7;0;0;95;4;Theta;;5;-59.13
-5922;1.7;0;0;95;4;Theta;;5;-59.22
-5922;1.7;0;0;95;4;Theta;;5;-59.22
-5931;1.7;0;0;95;4;Theta;;5;-59.31
-5941;1.7;0;0;95;4;Theta;;5;-59.41
-5917;1.7;0;0;100;4;Theta;;10;-59.17
-5927;1.7;0;0;100;4;Theta;;10;-59.27
-5927;1.7;0;0;100;4;Theta;;10;-59.27
-5917;1.7;0;0;100;4;Theta;;10;-59.17
-5917;1.7;0;0;100;4;Theta;;10;-59.17
-5917;1.7;0;0;100;4;Theta;;10;-59.17
-5936;1.7;0;0;100;4;Theta;;10;-59.36
-5974;1.7;0;0;105;4;Theta;;15;-59.74
-5983;1.7;0;0;105;4;Theta;;15;-59.83
-5964;1.7;0;0;105;4;Theta;;15;-59.64
-5964;1.7;0;0;105;4;Theta;;15;-59.64
-5964;1.7;0;0;105;4;Theta;;15;-59.64
-5955;1.7;0;0;105;4;Theta;;15;-59.55
-5964;1.7;0;0;105;4;Theta;;15;-59.64
-6002;1.7;0;0;110;4;Theta;;20;-60.02
-5993;1.7;0;0;110;4;Theta;;20;-59.93
-5983;1.7;0;0;110;4;Theta;;20;-59.83
-5983;1.7;0;0;110;4;Theta;;20;-59.83
-6002;1.7;0;0;110;4;Theta;;20;-60.02
-6002;1.7;0;0;110;4;Theta;;20;-60.02
-5993;1.7;0;0;110;4;Theta;;20;-59.93
-6068;1.7;0;0;115;4;Theta;;25;-60.68
-6068;1.7;0;0;115;4;Theta;;25;-60.68
-6077;1.7;0;0;115;4;Theta;;25;-60.77
-6068;1.7;0;0;115;4;Theta;;25;-60.68
-6077;1.7;0;0;115;4;Theta;;25;-60.77
-6077;1.7;0;0;115;4;Theta;;25;-60.77
-6166;1.7;0;0;120;4;Theta;;30;-61.66
-6166;1.7;0;0;120;4;Theta;;30;-61.66
-6176;1.7;0;0;120;4;Theta;;30;-61.76
-6166;1.7;0;0;120;4;Theta;;30;-61.66
-6166;1.7;0;0;120;4;Theta;;30;-61.66
-6176;1.7;0;0;120;4;Theta;;30;-61.76
-6157;1.7;0;0;120;4;Theta;;30;-61.57
-6195;1.7;0;0;125;4;Theta;;35;-61.95
-6223;1.7;0;0;125;4;Theta;;35;-62.23
-6232;1.7;0;0;125;4;Theta;;35;-62.32
-6242;1.7;0;0;125;4;Theta;;35;-62.42
-6242;1.7;0;0;125;4;Theta;;35;-62.42
-6232;1.7;0;0;125;4;Theta;;35;-62.32
-6232;1.7;0;0;125;4;Theta;;35;-62.32
-6270;1.7;0;0;130;4;Theta;;40;-62.7
-6279;1.7;0;0;130;4;Theta;;40;-62.79
-6260;1.7;0;0;130;4;Theta;;40;-62.6
-6279;1.7;0;0;130;4;Theta;;40;-62.79
-6242;1.7;0;0;130;4;Theta;;40;-62.42
-6289;1.7;0;0;130;4;Theta;;40;-62.89
-6260;1.7;0;0;130;4;Theta;;40;-62.6
-6420;1.7;0;0;135;4;Theta;;45;-64.2
-6458;1.7;0;0;135;4;Theta;;45;-64.58
-6420;1.7;0;0;135;4;Theta;;45;-64.2
-6392;1.7;0;0;135;4;Theta;;45;-63.92
-6458;1.7;0;0;135;4;Theta;;45;-64.58
-6439;1.7;0;0;135;4;Theta;;45;-64.39
-6439;1.7;0;0;135;4;Theta;;45;-64.39
-6420;1.7;0;0;140;4;Theta;;50;-64.2
-6411;1.7;0;0;140;4;Theta;;50;-64.11
-6430;1.7;0;0;140;4;Theta;;50;-64.3
-6411;1.7;0;0;140;4;Theta;;50;-64.11
-6448;1.7;0;0;140;4;Theta;;50;-64.48
-6411;1.7;0;0;140;4;Theta;;50;-64.11
-6448;1.7;0;0;140;4;Theta;;50;-64.48
-6533;1.7;0;0;145;4;Theta;;55;-65.33
-6589;1.7;0;0;145;4;Theta;;55;-65.89
-6542;1.7;0;0;145;4;Theta;;55;-65.42
-6542;1.7;0;0;145;4;Theta;;55;-65.42
-6580;1.7;0;0;145;4;Theta;;55;-65.8
-6571;1.7;0;0;145;4;Theta;;55;-65.71
-6552;1.7;0;0;145;4;Theta;;55;-65.52
-6655;1.7;0;0;150;4;Theta;;60;-66.55
-6636;1.7;0;0;150;4;Theta;;60;-66.36
-6627;1.7;0;0;150;4;Theta;;60;-66.27
-6674;1.7;0;0;150;4;Theta;;60;-66.74
-6627;1.7;0;0;150;4;Theta;;60;-66.27
-6636;1.7;0;0;150;4;Theta;;60;-66.36
-6655;1.7;0;0;150;4;Theta;;60;-66.55
-6773;1.7;0;0;155;4;Theta;;65;-67.73
-6754;1.7;0;0;155;4;Theta;;65;-67.54
-6754;1.7;0;0;155;4;Theta;;65;-67.54
-6773;1.7;0;0;155;4;Theta;;65;-67.73
-6754;1.7;0;0;155;4;Theta;;65;-67.54
-6763;1.7;0;0;155;4;Theta;;65;-67.63
-6745;1.7;0;0;155;4;Theta;;65;-67.45
-6829;1.7;0;0;160;4;Theta;;70;-68.29
-6848;1.7;0;0;160;4;Theta;;70;-68.48
-6839;1.7;0;0;160;4;Theta;;70;-68.39
-6848;1.7;0;0;160;4;Theta;;70;-68.48
-6857;1.7;0;0;160;4;Theta;;70;-68.57
-6876;1.7;0;0;160;4;Theta;;70;-68.76
-7003;1.7;0;0;165;4;Theta;;75;-70.03
-6965;1.7;0;0;165;4;Theta;;75;-69.65
-6994;1.7;0;0;165;4;Theta;;75;-69.94
-6975;1.7;0;0;165;4;Theta;;75;-69.75
-7012;1.7;0;0;165;4;Theta;;75;-70.12
-6956;1.7;0;0;165;4;Theta;;75;-69.56
-6975;1.7;0;0;165;4;Theta;;75;-69.75
-7102;1.7;0;0;170;4;Theta;;80;-71.02
-7083;1.7;0;0;170;4;Theta;;80;-70.83
-7064;1.7;0;0;170;4;Theta;;80;-70.64
-7064;1.7;0;0;170;4;Theta;;80;-70.64
-7083;1.7;0;0;170;4;Theta;;80;-70.83
-7083;1.7;0;0;170;4;Theta;;80;-70.83
-7055;1.7;0;0;170;4;Theta;;80;-70.55
-7153;1.7;0;0;175;4;Theta;;85;-71.53
-7172;1.7;0;0;175;4;Theta;;85;-71.72
-7153;1.7;0;0;175;4;Theta;;85;-71.53
-7191;1.7;0;0;175;4;Theta;;85;-71.91
-7172;1.7;0;0;175;4;Theta;;85;-71.72
-7210;1.7;0;0;175;4;Theta;;85;-72.1
-7182;1.7;0;0;175;4;Theta;;85;-71.82
-5960;1.7;0;0;85;4;Theta;;-5;-59.6
-5969;1.7;0;0;85;4;Theta;;-5;-59.69
-5960;1.7;0;0;85;4;Theta;;-5;-59.6
-5941;1.7;0;0;85;4;Theta;;-5;-59.41
-5950;1.7;0;0;85;4;Theta;;-5;-59.5
-5950;1.7;0;0;85;4;Theta;;-5;-59.5
-5978;1.7;0;0;80;4;Theta;;-10;-59.78
-5997;1.7;0;0;80;4;Theta;;-10;-59.97
-5997;1.7;0;0;80;4;Theta;;-10;-59.97
-5978;1.7;0;0;80;4;Theta;;-10;-59.78
-5969;1.7;0;0;80;4;Theta;;-10;-59.69
-5960;1.7;0;0;80;4;Theta;;-10;-59.6
-6044;1.7;0;0;75;4;Theta;;-15;-60.44
-6044;1.7;0;0;75;4;Theta;;-15;-60.44
-6044;1.7;0;0;75;4;Theta;;-15;-60.44
-6063;1.7;0;0;75;4;Theta;;-15;-60.63
-6035;1.7;0;0;75;4;Theta;;-15;-60.35
-6063;1.7;0;0;75;4;Theta;;-15;-60.63
-6054;1.7;0;0;75;4;Theta;;-15;-60.54
-6152;1.7;0;0;70;4;Theta;;-20;-61.52
-6115;1.7;0;0;70;4;Theta;;-20;-61.15
-6134;1.7;0;0;70;4;Theta;;-20;-61.34
-6134;1.7;0;0;70;4;Theta;;-20;-61.34
-6143;1.7;0;0;70;4;Theta;;-20;-61.43
-6134;1.7;0;0;70;4;Theta;;-20;-61.34
-6124;1.7;0;0;70;4;Theta;;-20;-61.24
-6199;1.7;0;0;65;4;Theta;;-25;-61.99
-6199;1.7;0;0;65;4;Theta;;-25;-61.99
-6199;1.7;0;0;65;4;Theta;;-25;-61.99
-6218;1.7;0;0;65;4;Theta;;-25;-62.18
-6199;1.7;0;0;65;4;Theta;;-25;-61.99
-6199;1.7;0;0;65;4;Theta;;-25;-61.99
-6326;1.7;0;0;60;4;Theta;;-30;-63.26
-6298;1.7;0;0;60;4;Theta;;-30;-62.98
-6336;1.7;0;0;60;4;Theta;;-30;-63.36
-6336;1.7;0;0;60;4;Theta;;-30;-63.36
-6336;1.7;0;0;60;4;Theta;;-30;-63.36
-6317;1.7;0;0;60;4;Theta;;-30;-63.17
-6547;1.7;0;0;55;4;Theta;;-35;-65.47
-6538;1.7;0;0;55;4;Theta;;-35;-65.38
-6575;1.7;0;0;55;4;Theta;;-35;-65.75
-6547;1.7;0;0;55;4;Theta;;-35;-65.47
-6538;1.7;0;0;55;4;Theta;;-35;-65.38
-6575;1.7;0;0;55;4;Theta;;-35;-65.75
-6679;1.7;0;0;50;4;Theta;;-40;-66.79
-6726;1.7;0;0;50;4;Theta;;-40;-67.26
-6726;1.7;0;0;50;4;Theta;;-40;-67.26
-6716;1.7;0;0;50;4;Theta;;-40;-67.16
-6726;1.7;0;0;50;4;Theta;;-40;-67.26
-6679;1.7;0;0;50;4;Theta;;-40;-66.79
-6843;1.7;0;0;45;4;Theta;;-45;-68.43
-6843;1.7;0;0;45;4;Theta;;-45;-68.43
-6871;1.7;0;0;45;4;Theta;;-45;-68.71
-6853;1.7;0;0;45;4;Theta;;-45;-68.53
-6824;1.7;0;0;45;4;Theta;;-45;-68.24
-6881;1.7;0;0;45;4;Theta;;-45;-68.81
-7106;1.7;0;0;40;4;Theta;;-50;-71.06
-7069;1.7;0;0;40;4;Theta;;-50;-70.69
-7050;1.7;0;0;40;4;Theta;;-50;-70.5
-7041;1.7;0;0;40;4;Theta;;-50;-70.41
-7078;1.7;0;0;40;4;Theta;;-50;-70.78
-7069;1.7;0;0;40;4;Theta;;-50;-70.69
-7374;1.7;0;0;35;4;Theta;;-55;-73.74
-7365;1.7;0;0;35;4;Theta;;-55;-73.65
-7412;1.7;0;0;35;4;Theta;;-55;-74.12
-7337;1.7;0;0;35;4;Theta;;-55;-73.37
-7337;1.7;0;0;35;4;Theta;;-55;-73.37
-7299;1.7;0;0;35;4;Theta;;-55;-72.99
-7318;1.7;0;0;35;4;Theta;;-55;-73.18
-7492;1.7;0;0;30;4;Theta;;-60;-74.92
-7548;1.7;0;0;30;4;Theta;;-60;-75.48
-7548;1.7;0;0;30;4;Theta;;-60;-75.48
-7520;1.7;0;0;30;4;Theta;;-60;-75.2
-7539;1.7;0;0;30;4;Theta;;-60;-75.39
-7492;1.7;0;0;30;4;Theta;;-60;-74.92
-7548;1.7;0;0;30;4;Theta;;-60;-75.48
-7638;1.7;0;0;25;4;Theta;;-65;-76.38
-7666;1.7;0;0;25;4;Theta;;-65;-76.66
-7666;1.7;0;0;25;4;Theta;;-65;-76.66
-7628;1.7;0;0;25;4;Theta;;-65;-76.28
-7638;1.7;0;0;25;4;Theta;;-65;-76.38
-7619;1.7;0;0;25;4;Theta;;-65;-76.19
-7628;1.7;0;0;25;4;Theta;;-65;-76.28
-7567;1.7;0;0;20;4;Theta;;-70;-75.67
-7670;1.7;0;0;20;4;Theta;;-70;-76.7
-7670;1.7;0;0;20;4;Theta;;-70;-76.7
-7689;1.7;0;0;20;4;Theta;;-70;-76.89
-7661;1.7;0;0;20;4;Theta;;-70;-76.61
-7717;1.7;0;0;20;4;Theta;;-70;-77.17
-7835;1.7;0;0;15;4;Theta;;-75;-78.35
-7816;1.7;0;0;15;4;Theta;;-75;-78.16
-7750;1.7;0;0;15;4;Theta;;-75;-77.5
-7863;1.7;0;0;15;4;Theta;;-75;-78.63
-7694;1.7;0;0;15;4;Theta;;-75;-76.94
-7797;1.7;0;0;15;4;Theta;;-75;-77.97
-7807;1.7;0;0;15;4;Theta;;-75;-78.07
-5917;1.7;0;0;90;5;Theta;;0;-59.17
-5927;1.7;0;0;90;5;Theta;;0;-59.27
-5927;1.7;0;0;90;5;Theta;;0;-59.27
-5917;1.7;0;0;90;5;Theta;;0;-59.17
-5946;1.7;0;0;90;5;Theta;;0;-59.46
-5955;1.7;0;0;90;5;Theta;;0;-59.55
-5913;1.7;0;0;95;5;Theta;;5;-59.13
-5913;1.7;0;0;95;5;Theta;;5;-59.13
-5922;1.7;0;0;95;5;Theta;;5;-59.22
-5922;1.7;0;0;95;5;Theta;;5;-59.22
-5931;1.7;0;0;95;5;Theta;;5;-59.31
-5950;1.7;0;0;95;5;Theta;;5;-59.5
-5950;1.7;0;0;100;5;Theta;;10;-59.5
-5950;1.7;0;0;100;5;Theta;;10;-59.5
-5960;1.7;0;0;100;5;Theta;;10;-59.6
-5950;1.7;0;0;100;5;Theta;;10;-59.5
-5950;1.7;0;0;100;5;Theta;;10;-59.5
-5960;1.7;0;0;100;5;Theta;;10;-59.6
-5969;1.7;0;0;100;5;Theta;;10;-59.69
-5969;1.7;0;0;105;5;Theta;;15;-59.69
-5941;1.7;0;0;105;5;Theta;;15;-59.41
-5941;1.7;0;0;105;5;Theta;;15;-59.41
-5941;1.7;0;0;105;5;Theta;;15;-59.41
-5950;1.7;0;0;105;5;Theta;;15;-59.5
-5960;1.7;0;0;105;5;Theta;;15;-59.6
-5983;1.7;0;0;110;5;Theta;;20;-59.83
-5983;1.7;0;0;110;5;Theta;;20;-59.83
-5993;1.7;0;0;110;5;Theta;;20;-59.93
-5993;1.7;0;0;110;5;Theta;;20;-59.93
-5993;1.7;0;0;110;5;Theta;;20;-59.93
-5993;1.7;0;0;110;5;Theta;;20;-59.93
-5983;1.7;0;0;110;5;Theta;;20;-59.83
-6077;1.7;0;0;115;5;Theta;;25;-60.77
-6077;1.7;0;0;115;5;Theta;;25;-60.77
-6087;1.7;0;0;115;5;Theta;;25;-60.87
-6077;1.7;0;0;115;5;Theta;;25;-60.77
-6087;1.7;0;0;115;5;Theta;;25;-60.87
-6068;1.7;0;0;115;5;Theta;;25;-60.68
-6152;1.7;0;0;120;5;Theta;;30;-61.52
-6134;1.7;0;0;120;5;Theta;;30;-61.34
-6152;1.7;0;0;120;5;Theta;;30;-61.52
-6152;1.7;0;0;120;5;Theta;;30;-61.52
-6152;1.7;0;0;120;5;Theta;;30;-61.52
-6152;1.7;0;0;120;5;Theta;;30;-61.52
-6162;1.7;0;0;120;5;Theta;;30;-61.62
-6246;1.7;0;0;125;5;Theta;;35;-62.46
-6265;1.7;0;0;125;5;Theta;;35;-62.65
-6293;1.7;0;0;125;5;Theta;;35;-62.93
-6265;1.7;0;0;125;5;Theta;;35;-62.65
-6256;1.7;0;0;125;5;Theta;;35;-62.56
-6275;1.7;0;0;125;5;Theta;;35;-62.75
-6260;1.7;0;0;130;5;Theta;;40;-62.6
-6279;1.7;0;0;130;5;Theta;;40;-62.79
-6279;1.7;0;0;130;5;Theta;;40;-62.79
-6298;1.7;0;0;130;5;Theta;;40;-62.98
-6279;1.7;0;0;130;5;Theta;;40;-62.79
-6289;1.7;0;0;130;5;Theta;;40;-62.89
-6317;1.7;0;0;135;5;Theta;;45;-63.17
-6345;1.7;0;0;135;5;Theta;;45;-63.45
-6345;1.7;0;0;135;5;Theta;;45;-63.45
-6345;1.7;0;0;135;5;Theta;;45;-63.45
-6336;1.7;0;0;135;5;Theta;;45;-63.36
-6373;1.7;0;0;135;5;Theta;;45;-63.73
-6326;1.7;0;0;135;5;Theta;;45;-63.26
-6439;1.7;0;0;140;5;Theta;;50;-64.39
-6439;1.7;0;0;140;5;Theta;;50;-64.39
-6439;1.7;0;0;140;5;Theta;;50;-64.39
-6495;1.7;0;0;140;5;Theta;;50;-64.95
-6411;1.7;0;0;140;5;Theta;;50;-64.11
-6467;1.7;0;0;140;5;Theta;;50;-64.67
-6467;1.7;0;0;140;5;Theta;;50;-64.67
-6557;1.7;0;0;145;5;Theta;;55;-65.57
-6660;1.7;0;0;145;5;Theta;;55;-66.6
-6594;1.7;0;0;145;5;Theta;;55;-65.94
-6585;1.7;0;0;145;5;Theta;;55;-65.85
-6641;1.7;0;0;145;5;Theta;;55;-66.41
-6613;1.7;0;0;145;5;Theta;;55;-66.13
-6575;1.7;0;0;145;5;Theta;;55;-65.75
-6660;1.7;0;0;150;5;Theta;;60;-66.6
-6688;1.7;0;0;150;5;Theta;;60;-66.88
-6651;1.7;0;0;150;5;Theta;;60;-66.51
-6651;1.7;0;0;150;5;Theta;;60;-66.51
-6669;1.7;0;0;150;5;Theta;;60;-66.69
-6707;1.7;0;0;150;5;Theta;;60;-67.07
-6759;1.7;0;0;155;5;Theta;;65;-67.59
-6806;1.7;0;0;155;5;Theta;;65;-68.06
-6759;1.7;0;0;155;5;Theta;;65;-67.59
-6749;1.7;0;0;155;5;Theta;;65;-67.49
-6806;1.7;0;0;155;5;Theta;;65;-68.06
-6806;1.7;0;0;155;5;Theta;;65;-68.06
-6787;1.7;0;0;155;5;Theta;;65;-67.87
-6843;1.7;0;0;160;5;Theta;;70;-68.43
-6843;1.7;0;0;160;5;Theta;;70;-68.43
-6843;1.7;0;0;160;5;Theta;;70;-68.43
-6862;1.7;0;0;160;5;Theta;;70;-68.62
-6900;1.7;0;0;160;5;Theta;;70;-69
-6881;1.7;0;0;160;5;Theta;;70;-68.81
-6881;1.7;0;0;160;5;Theta;;70;-68.81
-6956;1.7;0;0;165;5;Theta;;75;-69.56
-6965;1.7;0;0;165;5;Theta;;75;-69.65
-6984;1.7;0;0;165;5;Theta;;75;-69.84
-6965;1.7;0;0;165;5;Theta;;75;-69.65
-6928;1.7;0;0;165;5;Theta;;75;-69.28
-6965;1.7;0;0;165;5;Theta;;75;-69.65
-7083;1.7;0;0;170;5;Theta;;80;-70.83
-7102;1.7;0;0;170;5;Theta;;80;-71.02
-7092;1.7;0;0;170;5;Theta;;80;-70.92
-7083;1.7;0;0;170;5;Theta;;80;-70.83
-7092;1.7;0;0;170;5;Theta;;80;-70.92
-7083;1.7;0;0;170;5;Theta;;80;-70.83
-7111;1.7;0;0;175;5;Theta;;85;-71.11
-7102;1.7;0;0;175;5;Theta;;85;-71.02
-7121;1.7;0;0;175;5;Theta;;85;-71.21
-7064;1.7;0;0;175;5;Theta;;85;-70.64
-7102;1.7;0;0;175;5;Theta;;85;-71.02
-7092;1.7;0;0;175;5;Theta;;85;-70.92
-7102;1.7;0;0;175;5;Theta;;85;-71.02
-5899;1.7;0;0;85;5;Theta;;-5;-58.99
-5917;1.7;0;0;85;5;Theta;;-5;-59.17
-5908;1.7;0;0;85;5;Theta;;-5;-59.08
-5908;1.7;0;0;85;5;Theta;;-5;-59.08
-5917;1.7;0;0;85;5;Theta;;-5;-59.17
-5936;1.7;0;0;85;5;Theta;;-5;-59.36
-6044;1.7;0;0;80;5;Theta;;-10;-60.44
-6007;1.7;0;0;80;5;Theta;;-10;-60.07
-6035;1.7;0;0;80;5;Theta;;-10;-60.35
-6016;1.7;0;0;80;5;Theta;;-10;-60.16
-6016;1.7;0;0;80;5;Theta;;-10;-60.16
-6054;1.7;0;0;80;5;Theta;;-10;-60.54
-6025;1.7;0;0;80;5;Theta;;-10;-60.25
-6025;1.7;0;0;75;5;Theta;;-15;-60.25
-6016;1.7;0;0;75;5;Theta;;-15;-60.16
-6035;1.7;0;0;75;5;Theta;;-15;-60.35
-6025;1.7;0;0;75;5;Theta;;-15;-60.25
-6035;1.7;0;0;75;5;Theta;;-15;-60.35
-6025;1.7;0;0;75;5;Theta;;-15;-60.25
-6016;1.7;0;0;75;5;Theta;;-15;-60.16
-6119;1.7;0;0;70;5;Theta;;-20;-61.19
-6129;1.7;0;0;70;5;Theta;;-20;-61.29
-6129;1.7;0;0;70;5;Theta;;-20;-61.29
-6129;1.7;0;0;70;5;Theta;;-20;-61.29
-6129;1.7;0;0;70;5;Theta;;-20;-61.29
-6129;1.7;0;0;70;5;Theta;;-20;-61.29
-6260;1.7;0;0;65;5;Theta;;-25;-62.6
-6260;1.7;0;0;65;5;Theta;;-25;-62.6
-6251;1.7;0;0;65;5;Theta;;-25;-62.51
-6270;1.7;0;0;65;5;Theta;;-25;-62.7
-6270;1.7;0;0;65;5;Theta;;-25;-62.7
-6242;1.7;0;0;65;5;Theta;;-25;-62.42
-6322;1.7;0;0;60;5;Theta;;-30;-63.22
-6322;1.7;0;0;60;5;Theta;;-30;-63.22
-6350;1.7;0;0;60;5;Theta;;-30;-63.5
-6312;1.7;0;0;60;5;Theta;;-30;-63.12
-6340;1.7;0;0;60;5;Theta;;-30;-63.4
-6322;1.7;0;0;60;5;Theta;;-30;-63.22
-6547;1.7;0;0;55;5;Theta;;-35;-65.47
-6566;1.7;0;0;55;5;Theta;;-35;-65.66
-6547;1.7;0;0;55;5;Theta;;-35;-65.47
-6566;1.7;0;0;55;5;Theta;;-35;-65.66
-6566;1.7;0;0;55;5;Theta;;-35;-65.66
-6538;1.7;0;0;55;5;Theta;;-35;-65.38
-6660;1.7;0;0;50;5;Theta;;-40;-66.6
-6660;1.7;0;0;50;5;Theta;;-40;-66.6
-6651;1.7;0;0;50;5;Theta;;-40;-66.51
-6698;1.7;0;0;50;5;Theta;;-40;-66.98
-6679;1.7;0;0;50;5;Theta;;-40;-66.79
-6679;1.7;0;0;50;5;Theta;;-40;-66.79
-6815;1.7;0;0;45;5;Theta;;-45;-68.15
-6871;1.7;0;0;45;5;Theta;;-45;-68.71
-6796;1.7;0;0;45;5;Theta;;-45;-67.96
-6806;1.7;0;0;45;5;Theta;;-45;-68.06
-6881;1.7;0;0;45;5;Theta;;-45;-68.81
-6853;1.7;0;0;45;5;Theta;;-45;-68.53
-7017;1.7;0;0;40;5;Theta;;-50;-70.17
-6942;1.7;0;0;40;5;Theta;;-50;-69.42
-7017;1.7;0;0;40;5;Theta;;-50;-70.17
-7045;1.7;0;0;40;5;Theta;;-50;-70.45
-7055;1.7;0;0;40;5;Theta;;-50;-70.55
-7008;1.7;0;0;40;5;Theta;;-50;-70.08
-7219;1.7;0;0;35;5;Theta;;-55;-72.19
-7285;1.7;0;0;35;5;Theta;;-55;-72.85
-7341;1.7;0;0;35;5;Theta;;-55;-73.41
-7304;1.7;0;0;35;5;Theta;;-55;-73.04
-7294;1.7;0;0;35;5;Theta;;-55;-72.94
-7360;1.7;0;0;35;5;Theta;;-55;-73.6
-7276;1.7;0;0;35;5;Theta;;-55;-72.76
-7680;1.7;0;0;30;5;Theta;;-60;-76.8
-7595;1.7;0;0;30;5;Theta;;-60;-75.95
-7520;1.7;0;0;30;5;Theta;;-60;-75.2
-7558;1.7;0;0;30;5;Theta;;-60;-75.58
-7576;1.7;0;0;30;5;Theta;;-60;-75.76
-7482;1.7;0;0;30;5;Theta;;-60;-74.82
-7689;1.7;0;0;25;5;Theta;;-65;-76.89
-7642;1.7;0;0;25;5;Theta;;-65;-76.42
-7539;1.7;0;0;25;5;Theta;;-65;-75.39
-7605;1.7;0;0;25;5;Theta;;-65;-76.05
-7633;1.7;0;0;25;5;Theta;;-65;-76.33
-7614;1.7;0;0;25;5;Theta;;-65;-76.14
-7586;1.7;0;0;20;5;Theta;;-70;-75.86
-7558;1.7;0;0;20;5;Theta;;-70;-75.58
-7689;1.7;0;0;20;5;Theta;;-70;-76.89
-7595;1.7;0;0;20;5;Theta;;-70;-75.95
-7652;1.7;0;0;20;5;Theta;;-70;-76.52
-7576;1.7;0;0;20;5;Theta;;-70;-75.76
-7713;1.7;0;0;15;5;Theta;;-75;-77.13
-7769;1.7;0;0;15;5;Theta;;-75;-77.69
-7713;1.7;0;0;15;5;Theta;;-75;-77.13
-7826;1.7;0;0;15;5;Theta;;-75;-78.26
-7807;1.7;0;0;15;5;Theta;;-75;-78.07
-7920;1.7;0;0;15;5;Theta;;-75;-79.2
-5946;1.7;0;0;90;6;Theta;;0;-59.46
-5964;1.7;0;0;90;6;Theta;;0;-59.64
-5964;1.7;0;0;90;6;Theta;;0;-59.64
-5983;1.7;0;0;90;6;Theta;;0;-59.83
-5964;1.7;0;0;90;6;Theta;;0;-59.64
-5964;1.7;0;0;90;6;Theta;;0;-59.64
-5913;1.7;0;0;95;6;Theta;;5;-59.13
-5913;1.7;0;0;95;6;Theta;;5;-59.13
-5941;1.7;0;0;95;6;Theta;;5;-59.41
-5913;1.7;0;0;95;6;Theta;;5;-59.13
-5931;1.7;0;0;95;6;Theta;;5;-59.31
-5922;1.7;0;0;95;6;Theta;;5;-59.22
-5913;1.7;0;0;95;6;Theta;;5;-59.13
-5931;1.7;0;0;100;6;Theta;;10;-59.31
-5941;1.7;0;0;100;6;Theta;;10;-59.41
-5931;1.7;0;0;100;6;Theta;;10;-59.31
-5941;1.7;0;0;100;6;Theta;;10;-59.41
-5950;1.7;0;0;100;6;Theta;;10;-59.5
-5931;1.7;0;0;100;6;Theta;;10;-59.31
-5950;1.7;0;0;105;6;Theta;;15;-59.5
-5978;1.7;0;0;105;6;Theta;;15;-59.78
-5960;1.7;0;0;105;6;Theta;;15;-59.6
-5969;1.7;0;0;105;6;Theta;;15;-59.69
-5978;1.7;0;0;105;6;Theta;;15;-59.78
-5969;1.7;0;0;105;6;Theta;;15;-59.69
-5960;1.7;0;0;105;6;Theta;;15;-59.6
-6011;1.7;0;0;110;6;Theta;;20;-60.11
-6011;1.7;0;0;110;6;Theta;;20;-60.11
-6002;1.7;0;0;110;6;Theta;;20;-60.02
-6011;1.7;0;0;110;6;Theta;;20;-60.11
-6002;1.7;0;0;110;6;Theta;;20;-60.02
-6021;1.7;0;0;110;6;Theta;;20;-60.21
-6054;1.7;0;0;115;6;Theta;;25;-60.54
-6025;1.7;0;0;115;6;Theta;;25;-60.25
-6035;1.7;0;0;115;6;Theta;;25;-60.35
-6054;1.7;0;0;115;6;Theta;;25;-60.54
-6054;1.7;0;0;115;6;Theta;;25;-60.54
-6054;1.7;0;0;115;6;Theta;;25;-60.54
-6054;1.7;0;0;115;6;Theta;;25;-60.54
-6105;1.7;0;0;120;6;Theta;;30;-61.05
-6096;1.7;0;0;120;6;Theta;;30;-60.96
-6105;1.7;0;0;120;6;Theta;;30;-61.05
-6105;1.7;0;0;120;6;Theta;;30;-61.05
-6087;1.7;0;0;120;6;Theta;;30;-60.87
-6134;1.7;0;0;120;6;Theta;;30;-61.34
-6199;1.7;0;0;125;6;Theta;;35;-61.99
-6190;1.7;0;0;125;6;Theta;;35;-61.9
-6199;1.7;0;0;125;6;Theta;;35;-61.99
-6190;1.7;0;0;125;6;Theta;;35;-61.9
-6181;1.7;0;0;125;6;Theta;;35;-61.81
-6190;1.7;0;0;125;6;Theta;;35;-61.9
-6190;1.7;0;0;125;6;Theta;;35;-61.9
-6232;1.7;0;0;130;6;Theta;;40;-62.32
-6242;1.7;0;0;130;6;Theta;;40;-62.42
-6270;1.7;0;0;130;6;Theta;;40;-62.7
-6260;1.7;0;0;130;6;Theta;;40;-62.6
-6270;1.7;0;0;130;6;Theta;;40;-62.7
-6289;1.7;0;0;130;6;Theta;;40;-62.89
-6260;1.7;0;0;130;6;Theta;;40;-62.6
-6354;1.7;0;0;135;6;Theta;;45;-63.54
-6364;1.7;0;0;135;6;Theta;;45;-63.64
-6354;1.7;0;0;135;6;Theta;;45;-63.54
-6354;1.7;0;0;135;6;Theta;;45;-63.54
-6345;1.7;0;0;135;6;Theta;;45;-63.45
-6326;1.7;0;0;135;6;Theta;;45;-63.26
-6345;1.7;0;0;135;6;Theta;;45;-63.45
-6477;1.7;0;0;140;6;Theta;;50;-64.77
-6486;1.7;0;0;140;6;Theta;;50;-64.86
-6448;1.7;0;0;140;6;Theta;;50;-64.48
-6477;1.7;0;0;140;6;Theta;;50;-64.77
-6495;1.7;0;0;140;6;Theta;;50;-64.95
-6505;1.7;0;0;140;6;Theta;;50;-65.05
-6467;1.7;0;0;140;6;Theta;;50;-64.67
-6636;1.7;0;0;145;6;Theta;;55;-66.36
-6599;1.7;0;0;145;6;Theta;;55;-65.99
-6608;1.7;0;0;145;6;Theta;;55;-66.08
-6608;1.7;0;0;145;6;Theta;;55;-66.08
-6618;1.7;0;0;145;6;Theta;;55;-66.18
-6608;1.7;0;0;145;6;Theta;;55;-66.08
-6618;1.7;0;0;145;6;Theta;;55;-66.18
-6622;1.7;0;0;150;6;Theta;;60;-66.22
-6632;1.7;0;0;150;6;Theta;;60;-66.32
-6660;1.7;0;0;150;6;Theta;;60;-66.6
-6622;1.7;0;0;150;6;Theta;;60;-66.22
-6641;1.7;0;0;150;6;Theta;;60;-66.41
-6651;1.7;0;0;150;6;Theta;;60;-66.51
-6632;1.7;0;0;150;6;Theta;;60;-66.32
-6815;1.7;0;0;155;6;Theta;;65;-68.15
-6759;1.7;0;0;155;6;Theta;;65;-67.59
-6787;1.7;0;0;155;6;Theta;;65;-67.87
-6768;1.7;0;0;155;6;Theta;;65;-67.68
-6787;1.7;0;0;155;6;Theta;;65;-67.87
-6749;1.7;0;0;155;6;Theta;;65;-67.49
-6806;1.7;0;0;155;6;Theta;;65;-68.06
-6876;1.7;0;0;160;6;Theta;;70;-68.76
-6876;1.7;0;0;160;6;Theta;;70;-68.76
-6848;1.7;0;0;160;6;Theta;;70;-68.48
-6876;1.7;0;0;160;6;Theta;;70;-68.76
-6886;1.7;0;0;160;6;Theta;;70;-68.86
-6876;1.7;0;0;160;6;Theta;;70;-68.76
-6876;1.7;0;0;160;6;Theta;;70;-68.76
-6918;1.7;0;0;165;6;Theta;;75;-69.18
-6956;1.7;0;0;165;6;Theta;;75;-69.56
-6947;1.7;0;0;165;6;Theta;;75;-69.47
-6909;1.7;0;0;165;6;Theta;;75;-69.09
-6928;1.7;0;0;165;6;Theta;;75;-69.28
-6937;1.7;0;0;165;6;Theta;;75;-69.37
-6956;1.7;0;0;165;6;Theta;;75;-69.56
-7041;1.7;0;0;170;6;Theta;;80;-70.41
-6994;1.7;0;0;170;6;Theta;;80;-69.94
-7012;1.7;0;0;170;6;Theta;;80;-70.12
-7003;1.7;0;0;170;6;Theta;;80;-70.03
-7003;1.7;0;0;170;6;Theta;;80;-70.03
-7050;1.7;0;0;170;6;Theta;;80;-70.5
-7050;1.7;0;0;170;6;Theta;;80;-70.5
-7172;1.7;0;0;175;6;Theta;;85;-71.72
-7210;1.7;0;0;175;6;Theta;;85;-72.1
-7144;1.7;0;0;175;6;Theta;;85;-71.44
-7200;1.7;0;0;175;6;Theta;;85;-72
-7172;1.7;0;0;175;6;Theta;;85;-71.72
-7200;1.7;0;0;175;6;Theta;;85;-72
-7191;1.7;0;0;175;6;Theta;;85;-71.91
-5941;1.7;0;0;85;6;Theta;;-5;-59.41
-5950;1.7;0;0;85;6;Theta;;-5;-59.5
-5950;1.7;0;0;85;6;Theta;;-5;-59.5
-5941;1.7;0;0;85;6;Theta;;-5;-59.41
-5941;1.7;0;0;85;6;Theta;;-5;-59.41
-5950;1.7;0;0;85;6;Theta;;-5;-59.5
-6007;1.7;0;0;80;6;Theta;;-10;-60.07
-5978;1.7;0;0;80;6;Theta;;-10;-59.78
-6007;1.7;0;0;80;6;Theta;;-10;-60.07
-6007;1.7;0;0;80;6;Theta;;-10;-60.07
-6007;1.7;0;0;80;6;Theta;;-10;-60.07
-6016;1.7;0;0;80;6;Theta;;-10;-60.16
-6035;1.7;0;0;75;6;Theta;;-15;-60.35
-6025;1.7;0;0;75;6;Theta;;-15;-60.25
-6044;1.7;0;0;75;6;Theta;;-15;-60.44
-6035;1.7;0;0;75;6;Theta;;-15;-60.35
-6035;1.7;0;0;75;6;Theta;;-15;-60.35
-6054;1.7;0;0;75;6;Theta;;-15;-60.54
-6129;1.7;0;0;70;6;Theta;;-20;-61.29
-6129;1.7;0;0;70;6;Theta;;-20;-61.29
-6157;1.7;0;0;70;6;Theta;;-20;-61.57
-6119;1.7;0;0;70;6;Theta;;-20;-61.19
-6138;1.7;0;0;70;6;Theta;;-20;-61.38
-6138;1.7;0;0;70;6;Theta;;-20;-61.38
-6298;1.7;0;0;65;6;Theta;;-25;-62.98
-6270;1.7;0;0;65;6;Theta;;-25;-62.7
-6260;1.7;0;0;65;6;Theta;;-25;-62.6
-6270;1.7;0;0;65;6;Theta;;-25;-62.7
-6279;1.7;0;0;65;6;Theta;;-25;-62.79
-6260;1.7;0;0;65;6;Theta;;-25;-62.6
-6350;1.7;0;0;60;6;Theta;;-30;-63.5
-6350;1.7;0;0;60;6;Theta;;-30;-63.5
-6340;1.7;0;0;60;6;Theta;;-30;-63.4
-6387;1.7;0;0;60;6;Theta;;-30;-63.87
-6359;1.7;0;0;60;6;Theta;;-30;-63.59
-6350;1.7;0;0;60;6;Theta;;-30;-63.5
-6524;1.7;0;0;55;6;Theta;;-35;-65.24
-6495;1.7;0;0;55;6;Theta;;-35;-64.95
-6533;1.7;0;0;55;6;Theta;;-35;-65.33
-6533;1.7;0;0;55;6;Theta;;-35;-65.33
-6533;1.7;0;0;55;6;Theta;;-35;-65.33
-6524;1.7;0;0;55;6;Theta;;-35;-65.24
-6679;1.7;0;0;50;6;Theta;;-40;-66.79
-6707;1.7;0;0;50;6;Theta;;-40;-67.07
-6669;1.7;0;0;50;6;Theta;;-40;-66.69
-6669;1.7;0;0;50;6;Theta;;-40;-66.69
-6707;1.7;0;0;50;6;Theta;;-40;-67.07
-6716;1.7;0;0;50;6;Theta;;-40;-67.16
-6843;1.7;0;0;45;6;Theta;;-45;-68.43
-6824;1.7;0;0;45;6;Theta;;-45;-68.24
-6824;1.7;0;0;45;6;Theta;;-45;-68.24
-6862;1.7;0;0;45;6;Theta;;-45;-68.62
-6843;1.7;0;0;45;6;Theta;;-45;-68.43
-6881;1.7;0;0;45;6;Theta;;-45;-68.81
-7139;1.7;0;0;40;6;Theta;;-50;-71.39
-7064;1.7;0;0;40;6;Theta;;-50;-70.64
-7074;1.7;0;0;40;6;Theta;;-50;-70.74
-7111;1.7;0;0;40;6;Theta;;-50;-71.11
-7139;1.7;0;0;40;6;Theta;;-50;-71.39
-7027;1.7;0;0;40;6;Theta;;-50;-70.27
-7360;1.7;0;0;35;6;Theta;;-55;-73.6
-7294;1.7;0;0;35;6;Theta;;-55;-72.94
-7370;1.7;0;0;35;6;Theta;;-55;-73.7
-7294;1.7;0;0;35;6;Theta;;-55;-72.94
-7266;1.7;0;0;35;6;Theta;;-55;-72.66
-7304;1.7;0;0;35;6;Theta;;-55;-73.04
-7332;1.7;0;0;35;6;Theta;;-55;-73.32
-7591;1.7;0;0;30;6;Theta;;-60;-75.91
-7581;1.7;0;0;30;6;Theta;;-60;-75.81
-7497;1.7;0;0;30;6;Theta;;-60;-74.97
-7544;1.7;0;0;30;6;Theta;;-60;-75.44
-7656;1.7;0;0;30;6;Theta;;-60;-76.56
-7468;1.7;0;0;30;6;Theta;;-60;-74.68
-7750;1.7;0;0;25;6;Theta;;-65;-77.5
-7666;1.7;0;0;25;6;Theta;;-65;-76.66
-7675;1.7;0;0;25;6;Theta;;-65;-76.75
-7732;1.7;0;0;25;6;Theta;;-65;-77.32
-7713;1.7;0;0;25;6;Theta;;-65;-77.13
-7647;1.7;0;0;25;6;Theta;;-65;-76.47
-7576;1.7;0;0;20;6;Theta;;-70;-75.76
-7642;1.7;0;0;20;6;Theta;;-70;-76.42
-7680;1.7;0;0;20;6;Theta;;-70;-76.8
-7586;1.7;0;0;20;6;Theta;;-70;-75.86
-7670;1.7;0;0;20;6;Theta;;-70;-76.7
-7689;1.7;0;0;20;6;Theta;;-70;-76.89
-7670;1.7;0;0;15;6;Theta;;-75;-76.7
-7736;1.7;0;0;15;6;Theta;;-75;-77.36
-7708;1.7;0;0;15;6;Theta;;-75;-77.08
-7793;1.7;0;0;15;6;Theta;;-75;-77.93
-7633;1.7;0;0;15;6;Theta;;-75;-76.33
-7642;1.7;0;0;15;6;Theta;;-75;-76.42
-7576;1.7;0;0;15;6;Theta;;-75;-75.76
-5917;1.7;0;0;90;7;Theta;;0;-59.17
-5917;1.7;0;0;90;7;Theta;;0;-59.17
-5927;1.7;0;0;90;7;Theta;;0;-59.27
-5927;1.7;0;0;90;7;Theta;;0;-59.27
-5917;1.7;0;0;90;7;Theta;;0;-59.17
-5936;1.7;0;0;90;7;Theta;;0;-59.36
-5927;1.7;0;0;90;7;Theta;;0;-59.27
-5903;1.7;0;0;95;7;Theta;;5;-59.03
-5903;1.7;0;0;95;7;Theta;;5;-59.03
-5894;1.7;0;0;95;7;Theta;;5;-58.94
-5903;1.7;0;0;95;7;Theta;;5;-59.03
-5903;1.7;0;0;95;7;Theta;;5;-59.03
-5903;1.7;0;0;95;7;Theta;;5;-59.03
-5903;1.7;0;0;95;7;Theta;;5;-59.03
-5955;1.7;0;0;100;7;Theta;;10;-59.55
-5964;1.7;0;0;100;7;Theta;;10;-59.64
-5946;1.7;0;0;100;7;Theta;;10;-59.46
-5936;1.7;0;0;100;7;Theta;;10;-59.36
-5936;1.7;0;0;100;7;Theta;;10;-59.36
-5927;1.7;0;0;100;7;Theta;;10;-59.27
-5955;1.7;0;0;100;7;Theta;;10;-59.55
-5903;1.7;0;0;105;7;Theta;;15;-59.03
-5922;1.7;0;0;105;7;Theta;;15;-59.22
-5922;1.7;0;0;105;7;Theta;;15;-59.22
-5913;1.7;0;0;105;7;Theta;;15;-59.13
-5931;1.7;0;0;105;7;Theta;;15;-59.31
-5913;1.7;0;0;105;7;Theta;;15;-59.13
-5950;1.7;0;0;105;7;Theta;;15;-59.5
-5955;1.7;0;0;110;7;Theta;;20;-59.55
-5964;1.7;0;0;110;7;Theta;;20;-59.64
-5955;1.7;0;0;110;7;Theta;;20;-59.55
-5955;1.7;0;0;110;7;Theta;;20;-59.55
-5974;1.7;0;0;110;7;Theta;;20;-59.74
-5964;1.7;0;0;110;7;Theta;;20;-59.64
-5955;1.7;0;0;110;7;Theta;;20;-59.55
-6072;1.7;0;0;115;7;Theta;;25;-60.72
-6063;1.7;0;0;115;7;Theta;;25;-60.63
-6063;1.7;0;0;115;7;Theta;;25;-60.63
-6063;1.7;0;0;115;7;Theta;;25;-60.63
-6063;1.7;0;0;115;7;Theta;;25;-60.63
-6072;1.7;0;0;115;7;Theta;;25;-60.72
-6082;1.7;0;0;120;7;Theta;;30;-60.82
-6072;1.7;0;0;120;7;Theta;;30;-60.72
-6101;1.7;0;0;120;7;Theta;;30;-61.01
-6082;1.7;0;0;120;7;Theta;;30;-60.82
-6110;1.7;0;0;120;7;Theta;;30;-61.1
-6110;1.7;0;0;120;7;Theta;;30;-61.1
-6082;1.7;0;0;120;7;Theta;;30;-60.82
-6185;1.7;0;0;125;7;Theta;;35;-61.85
-6195;1.7;0;0;125;7;Theta;;35;-61.95
-6213;1.7;0;0;125;7;Theta;;35;-62.13
-6185;1.7;0;0;125;7;Theta;;35;-61.85
-6185;1.7;0;0;125;7;Theta;;35;-61.85
-6185;1.7;0;0;125;7;Theta;;35;-61.85
-6185;1.7;0;0;125;7;Theta;;35;-61.85
-6275;1.7;0;0;130;7;Theta;;40;-62.75
-6265;1.7;0;0;130;7;Theta;;40;-62.65
-6275;1.7;0;0;130;7;Theta;;40;-62.75
-6293;1.7;0;0;130;7;Theta;;40;-62.93
-6275;1.7;0;0;130;7;Theta;;40;-62.75
-6312;1.7;0;0;130;7;Theta;;40;-63.12
-6293;1.7;0;0;130;7;Theta;;40;-62.93
-6336;1.7;0;0;135;7;Theta;;45;-63.36
-6317;1.7;0;0;135;7;Theta;;45;-63.17
-6345;1.7;0;0;135;7;Theta;;45;-63.45
-6354;1.7;0;0;135;7;Theta;;45;-63.54
-6373;1.7;0;0;135;7;Theta;;45;-63.73
-6354;1.7;0;0;135;7;Theta;;45;-63.54
-6345;1.7;0;0;135;7;Theta;;45;-63.45
-6401;1.7;0;0;140;7;Theta;;50;-64.01
-6439;1.7;0;0;140;7;Theta;;50;-64.39
-6411;1.7;0;0;140;7;Theta;;50;-64.11
-6420;1.7;0;0;140;7;Theta;;50;-64.2
-6392;1.7;0;0;140;7;Theta;;50;-63.92
-6392;1.7;0;0;140;7;Theta;;50;-63.92
-6514;1.7;0;0;145;7;Theta;;55;-65.14
-6514;1.7;0;0;145;7;Theta;;55;-65.14
-6486;1.7;0;0;145;7;Theta;;55;-64.86
-6533;1.7;0;0;145;7;Theta;;55;-65.33
-6524;1.7;0;0;145;7;Theta;;55;-65.24
-6533;1.7;0;0;145;7;Theta;;55;-65.33
-6636;1.7;0;0;150;7;Theta;;60;-66.36
-6655;1.7;0;0;150;7;Theta;;60;-66.55
-6627;1.7;0;0;150;7;Theta;;60;-66.27
-6655;1.7;0;0;150;7;Theta;;60;-66.55
-6655;1.7;0;0;150;7;Theta;;60;-66.55
-6646;1.7;0;0;150;7;Theta;;60;-66.46
-6665;1.7;0;0;150;7;Theta;;60;-66.65
-6777;1.7;0;0;155;7;Theta;;65;-67.77
-6749;1.7;0;0;155;7;Theta;;65;-67.49
-6749;1.7;0;0;155;7;Theta;;65;-67.49
-6824;1.7;0;0;155;7;Theta;;65;-68.24
-6806;1.7;0;0;155;7;Theta;;65;-68.06
-6787;1.7;0;0;155;7;Theta;;65;-67.87
-6815;1.7;0;0;155;7;Theta;;65;-68.15
-6839;1.7;0;0;160;7;Theta;;70;-68.39
-6876;1.7;0;0;160;7;Theta;;70;-68.76
-6904;1.7;0;0;160;7;Theta;;70;-69.04
-6848;1.7;0;0;160;7;Theta;;70;-68.48
-6839;1.7;0;0;160;7;Theta;;70;-68.39
-6876;1.7;0;0;160;7;Theta;;70;-68.76
-6914;1.7;0;0;160;7;Theta;;70;-69.14
-6989;1.7;0;0;165;7;Theta;;75;-69.89
-7008;1.7;0;0;165;7;Theta;;75;-70.08
-6989;1.7;0;0;165;7;Theta;;75;-69.89
-6970;1.7;0;0;165;7;Theta;;75;-69.7
-6970;1.7;0;0;165;7;Theta;;75;-69.7
-6942;1.7;0;0;165;7;Theta;;75;-69.42
-6961;1.7;0;0;165;7;Theta;;75;-69.61
-7097;1.7;0;0;170;7;Theta;;80;-70.97
-7031;1.7;0;0;170;7;Theta;;80;-70.31
-7069;1.7;0;0;170;7;Theta;;80;-70.69
-7069;1.7;0;0;170;7;Theta;;80;-70.69
-7059;1.7;0;0;170;7;Theta;;80;-70.59
-7069;1.7;0;0;170;7;Theta;;80;-70.69
-7130;1.7;0;0;175;7;Theta;;85;-71.3
-7149;1.7;0;0;175;7;Theta;;85;-71.49
-7224;1.7;0;0;175;7;Theta;;85;-72.24
-7177;1.7;0;0;175;7;Theta;;85;-71.77
-7177;1.7;0;0;175;7;Theta;;85;-71.77
-7177;1.7;0;0;175;7;Theta;;85;-71.77
-7149;1.7;0;0;175;7;Theta;;85;-71.49
-5950;1.7;0;0;85;7;Theta;;-5;-59.5
-5950;1.7;0;0;85;7;Theta;;-5;-59.5
-5988;1.7;0;0;85;7;Theta;;-5;-59.88
-5988;1.7;0;0;85;7;Theta;;-5;-59.88
-5978;1.7;0;0;85;7;Theta;;-5;-59.78
-5988;1.7;0;0;85;7;Theta;;-5;-59.88
-5988;1.7;0;0;85;7;Theta;;-5;-59.88
-5960;1.7;0;0;80;7;Theta;;-10;-59.6
-5941;1.7;0;0;80;7;Theta;;-10;-59.41
-5960;1.7;0;0;80;7;Theta;;-10;-59.6
-5960;1.7;0;0;80;7;Theta;;-10;-59.6
-5960;1.7;0;0;80;7;Theta;;-10;-59.6
-5950;1.7;0;0;80;7;Theta;;-10;-59.5
-5960;1.7;0;0;80;7;Theta;;-10;-59.6
-6021;1.7;0;0;75;7;Theta;;-15;-60.21
-6021;1.7;0;0;75;7;Theta;;-15;-60.21
-6040;1.7;0;0;75;7;Theta;;-15;-60.4
-6030;1.7;0;0;75;7;Theta;;-15;-60.3
-6040;1.7;0;0;75;7;Theta;;-15;-60.4
-6030;1.7;0;0;75;7;Theta;;-15;-60.3
-6138;1.7;0;0;70;7;Theta;;-20;-61.38
-6138;1.7;0;0;70;7;Theta;;-20;-61.38
-6157;1.7;0;0;70;7;Theta;;-20;-61.57
-6148;1.7;0;0;70;7;Theta;;-20;-61.48
-6166;1.7;0;0;70;7;Theta;;-20;-61.66
-6138;1.7;0;0;70;7;Theta;;-20;-61.38
-6307;1.7;0;0;65;7;Theta;;-25;-63.07
-6279;1.7;0;0;65;7;Theta;;-25;-62.79
-6298;1.7;0;0;65;7;Theta;;-25;-62.98
-6317;1.7;0;0;65;7;Theta;;-25;-63.17
-6298;1.7;0;0;65;7;Theta;;-25;-62.98
-6317;1.7;0;0;65;7;Theta;;-25;-63.17
-6289;1.7;0;0;60;7;Theta;;-30;-62.89
-6336;1.7;0;0;60;7;Theta;;-30;-63.36
-6364;1.7;0;0;60;7;Theta;;-30;-63.64
-6307;1.7;0;0;60;7;Theta;;-30;-63.07
-6354;1.7;0;0;60;7;Theta;;-30;-63.54
-6317;1.7;0;0;60;7;Theta;;-30;-63.17
-6326;1.7;0;0;60;7;Theta;;-30;-63.26
-6571;1.7;0;0;55;7;Theta;;-35;-65.71
-6552;1.7;0;0;55;7;Theta;;-35;-65.52
-6533;1.7;0;0;55;7;Theta;;-35;-65.33
-6552;1.7;0;0;55;7;Theta;;-35;-65.52
-6533;1.7;0;0;55;7;Theta;;-35;-65.33
-6542;1.7;0;0;55;7;Theta;;-35;-65.42
-6740;1.7;0;0;50;7;Theta;;-40;-67.4
-6721;1.7;0;0;50;7;Theta;;-40;-67.21
-6721;1.7;0;0;50;7;Theta;;-40;-67.21
-6702;1.7;0;0;50;7;Theta;;-40;-67.02
-6712;1.7;0;0;50;7;Theta;;-40;-67.12
-6683;1.7;0;0;50;7;Theta;;-40;-66.83
-6862;1.7;0;0;45;7;Theta;;-45;-68.62
-6881;1.7;0;0;45;7;Theta;;-45;-68.81
-6881;1.7;0;0;45;7;Theta;;-45;-68.81
-6862;1.7;0;0;45;7;Theta;;-45;-68.62
-6824;1.7;0;0;45;7;Theta;;-45;-68.24
-6796;1.7;0;0;45;7;Theta;;-45;-67.96
-7074;1.7;0;0;40;7;Theta;;-50;-70.74
-7111;1.7;0;0;40;7;Theta;;-50;-71.11
-7055;1.7;0;0;40;7;Theta;;-50;-70.55
-7111;1.7;0;0;40;7;Theta;;-50;-71.11
-7045;1.7;0;0;40;7;Theta;;-50;-70.45
-7064;1.7;0;0;40;7;Theta;;-50;-70.64
-7266;1.7;0;0;35;7;Theta;;-55;-72.66
-7341;1.7;0;0;35;7;Theta;;-55;-73.41
-7294;1.7;0;0;35;7;Theta;;-55;-72.94
-7332;1.7;0;0;35;7;Theta;;-55;-73.32
-7313;1.7;0;0;35;7;Theta;;-55;-73.13
-7313;1.7;0;0;35;7;Theta;;-55;-73.13
-7360;1.7;0;0;35;7;Theta;;-55;-73.6
-7506;1.7;0;0;30;7;Theta;;-60;-75.06
-7450;1.7;0;0;30;7;Theta;;-60;-74.5
-7506;1.7;0;0;30;7;Theta;;-60;-75.06
-7581;1.7;0;0;30;7;Theta;;-60;-75.81
-7506;1.7;0;0;30;7;Theta;;-60;-75.06
-7515;1.7;0;0;30;7;Theta;;-60;-75.15
-7487;1.7;0;0;30;7;Theta;;-60;-74.87
-7666;1.7;0;0;25;7;Theta;;-65;-76.66
-7609;1.7;0;0;25;7;Theta;;-65;-76.09
-7600;1.7;0;0;25;7;Theta;;-65;-76
-7525;1.7;0;0;25;7;Theta;;-65;-75.25
-7591;1.7;0;0;25;7;Theta;;-65;-75.91
-7638;1.7;0;0;25;7;Theta;;-65;-76.38
-7544;1.7;0;0;20;7;Theta;;-70;-75.44
-7591;1.7;0;0;20;7;Theta;;-70;-75.91
-7553;1.7;0;0;20;7;Theta;;-70;-75.53
-7619;1.7;0;0;20;7;Theta;;-70;-76.19
-7562;1.7;0;0;20;7;Theta;;-70;-75.62
-7713;1.7;0;0;20;7;Theta;;-70;-77.13
-7746;1.7;0;0;15;7;Theta;;-75;-77.46
-7755;1.7;0;0;15;7;Theta;;-75;-77.55
-7708;1.7;0;0;15;7;Theta;;-75;-77.08
-7746;1.7;0;0;15;7;Theta;;-75;-77.46
-7623;1.7;0;0;15;7;Theta;;-75;-76.23
-7670;1.7;0;0;15;7;Theta;;-75;-76.7
-7717;1.7;0;0;15;7;Theta;;-75;-77.17
-5922;1.7;0;0;90;8;Theta;;0;-59.22
-5950;1.7;0;0;90;8;Theta;;0;-59.5
-5931;1.7;0;0;90;8;Theta;;0;-59.31
-5941;1.7;0;0;90;8;Theta;;0;-59.41
-5950;1.7;0;0;90;8;Theta;;0;-59.5
-5931;1.7;0;0;90;8;Theta;;0;-59.31
-5894;1.7;0;0;95;8;Theta;;5;-58.94
-5903;1.7;0;0;95;8;Theta;;5;-59.03
-5913;1.7;0;0;95;8;Theta;;5;-59.13
-5884;1.7;0;0;95;8;Theta;;5;-58.84
-5913;1.7;0;0;95;8;Theta;;5;-59.13
-5913;1.7;0;0;95;8;Theta;;5;-59.13
-5931;1.7;0;0;100;8;Theta;;10;-59.31
-5941;1.7;0;0;100;8;Theta;;10;-59.41
-5922;1.7;0;0;100;8;Theta;;10;-59.22
-5941;1.7;0;0;100;8;Theta;;10;-59.41
-5941;1.7;0;0;100;8;Theta;;10;-59.41
-5960;1.7;0;0;100;8;Theta;;10;-59.6
-5941;1.7;0;0;105;8;Theta;;15;-59.41
-5960;1.7;0;0;105;8;Theta;;15;-59.6
-5960;1.7;0;0;105;8;Theta;;15;-59.6
-5941;1.7;0;0;105;8;Theta;;15;-59.41
-5960;1.7;0;0;105;8;Theta;;15;-59.6
-5969;1.7;0;0;105;8;Theta;;15;-59.69
-5969;1.7;0;0;105;8;Theta;;15;-59.69
-6021;1.7;0;0;110;8;Theta;;20;-60.21
-5993;1.7;0;0;110;8;Theta;;20;-59.93
-6011;1.7;0;0;110;8;Theta;;20;-60.11
-5993;1.7;0;0;110;8;Theta;;20;-59.93
-6021;1.7;0;0;110;8;Theta;;20;-60.21
-6002;1.7;0;0;110;8;Theta;;20;-60.02
-6011;1.7;0;0;110;8;Theta;;20;-60.11
-6044;1.7;0;0;115;8;Theta;;25;-60.44
-6063;1.7;0;0;115;8;Theta;;25;-60.63
-6063;1.7;0;0;115;8;Theta;;25;-60.63
-6072;1.7;0;0;115;8;Theta;;25;-60.72
-6054;1.7;0;0;115;8;Theta;;25;-60.54
-6054;1.7;0;0;115;8;Theta;;25;-60.54
-6072;1.7;0;0;115;8;Theta;;25;-60.72
-6082;1.7;0;0;120;8;Theta;;30;-60.82
-6119;1.7;0;0;120;8;Theta;;30;-61.19
-6110;1.7;0;0;120;8;Theta;;30;-61.1
-6101;1.7;0;0;120;8;Theta;;30;-61.01
-6129;1.7;0;0;120;8;Theta;;30;-61.29
-6110;1.7;0;0;120;8;Theta;;30;-61.1
-6166;1.7;0;0;125;8;Theta;;35;-61.66
-6166;1.7;0;0;125;8;Theta;;35;-61.66
-6129;1.7;0;0;125;8;Theta;;35;-61.29
-6157;1.7;0;0;125;8;Theta;;35;-61.57
-6157;1.7;0;0;125;8;Theta;;35;-61.57
-6138;1.7;0;0;125;8;Theta;;35;-61.38
-6157;1.7;0;0;125;8;Theta;;35;-61.57
-6326;1.7;0;0;130;8;Theta;;40;-63.26
-6298;1.7;0;0;130;8;Theta;;40;-62.98
-6317;1.7;0;0;130;8;Theta;;40;-63.17
-6298;1.7;0;0;130;8;Theta;;40;-62.98
-6298;1.7;0;0;130;8;Theta;;40;-62.98
-6317;1.7;0;0;130;8;Theta;;40;-63.17
-6307;1.7;0;0;130;8;Theta;;40;-63.07
-6312;1.7;0;0;135;8;Theta;;45;-63.12
-6322;1.7;0;0;135;8;Theta;;45;-63.22
-6350;1.7;0;0;135;8;Theta;;45;-63.5
-6340;1.7;0;0;135;8;Theta;;45;-63.4
-6350;1.7;0;0;135;8;Theta;;45;-63.5
-6340;1.7;0;0;135;8;Theta;;45;-63.4
-6340;1.7;0;0;135;8;Theta;;45;-63.4
-6430;1.7;0;0;140;8;Theta;;50;-64.3
-6383;1.7;0;0;140;8;Theta;;50;-63.83
-6411;1.7;0;0;140;8;Theta;;50;-64.11
-6392;1.7;0;0;140;8;Theta;;50;-63.92
-6411;1.7;0;0;140;8;Theta;;50;-64.11
-6411;1.7;0;0;140;8;Theta;;50;-64.11
-6383;1.7;0;0;140;8;Theta;;50;-63.83
-6552;1.7;0;0;145;8;Theta;;55;-65.52
-6552;1.7;0;0;145;8;Theta;;55;-65.52
-6580;1.7;0;0;145;8;Theta;;55;-65.8
-6589;1.7;0;0;145;8;Theta;;55;-65.89
-6571;1.7;0;0;145;8;Theta;;55;-65.71
-6589;1.7;0;0;145;8;Theta;;55;-65.89
-6674;1.7;0;0;150;8;Theta;;60;-66.74
-6665;1.7;0;0;150;8;Theta;;60;-66.65
-6655;1.7;0;0;150;8;Theta;;60;-66.55
-6674;1.7;0;0;150;8;Theta;;60;-66.74
-6646;1.7;0;0;150;8;Theta;;60;-66.46
-6665;1.7;0;0;150;8;Theta;;60;-66.65
-6824;1.7;0;0;155;8;Theta;;65;-68.24
-6768;1.7;0;0;155;8;Theta;;65;-67.68
-6759;1.7;0;0;155;8;Theta;;65;-67.59
-6759;1.7;0;0;155;8;Theta;;65;-67.59
-6749;1.7;0;0;155;8;Theta;;65;-67.49
-6777;1.7;0;0;155;8;Theta;;65;-67.77
-6853;1.7;0;0;160;8;Theta;;70;-68.53
-6824;1.7;0;0;160;8;Theta;;70;-68.24
-6853;1.7;0;0;160;8;Theta;;70;-68.53
-6843;1.7;0;0;160;8;Theta;;70;-68.43
-6843;1.7;0;0;160;8;Theta;;70;-68.43
-6853;1.7;0;0;160;8;Theta;;70;-68.53
-6923;1.7;0;0;165;8;Theta;;75;-69.23
-6942;1.7;0;0;165;8;Theta;;75;-69.42
-6980;1.7;0;0;165;8;Theta;;75;-69.8
-6980;1.7;0;0;165;8;Theta;;75;-69.8
-6970;1.7;0;0;165;8;Theta;;75;-69.7
-6998;1.7;0;0;165;8;Theta;;75;-69.98
-6970;1.7;0;0;165;8;Theta;;75;-69.7
-7088;1.7;0;0;170;8;Theta;;80;-70.88
-7088;1.7;0;0;170;8;Theta;;80;-70.88
-7069;1.7;0;0;170;8;Theta;;80;-70.69
-7088;1.7;0;0;170;8;Theta;;80;-70.88
-7069;1.7;0;0;170;8;Theta;;80;-70.69
-7088;1.7;0;0;170;8;Theta;;80;-70.88
-7088;1.7;0;0;170;8;Theta;;80;-70.88
-7139;1.7;0;0;175;8;Theta;;85;-71.39
-7102;1.7;0;0;175;8;Theta;;85;-71.02
-7186;1.7;0;0;175;8;Theta;;85;-71.86
-7139;1.7;0;0;175;8;Theta;;85;-71.39
-7102;1.7;0;0;175;8;Theta;;85;-71.02
-7139;1.7;0;0;175;8;Theta;;85;-71.39
-7158;1.7;0;0;175;8;Theta;;85;-71.58
-5941;1.7;0;0;85;8;Theta;;-5;-59.41
-5950;1.7;0;0;85;8;Theta;;-5;-59.5
-5960;1.7;0;0;85;8;Theta;;-5;-59.6
-5931;1.7;0;0;85;8;Theta;;-5;-59.31
-5960;1.7;0;0;85;8;Theta;;-5;-59.6
-5969;1.7;0;0;85;8;Theta;;-5;-59.69
-5978;1.7;0;0;80;8;Theta;;-10;-59.78
-5969;1.7;0;0;80;8;Theta;;-10;-59.69
-5978;1.7;0;0;80;8;Theta;;-10;-59.78
-5988;1.7;0;0;80;8;Theta;;-10;-59.88
-5988;1.7;0;0;80;8;Theta;;-10;-59.88
-5978;1.7;0;0;80;8;Theta;;-10;-59.78
-5988;1.7;0;0;80;8;Theta;;-10;-59.88
-6025;1.7;0;0;75;8;Theta;;-15;-60.25
-6016;1.7;0;0;75;8;Theta;;-15;-60.16
-6025;1.7;0;0;75;8;Theta;;-15;-60.25
-6044;1.7;0;0;75;8;Theta;;-15;-60.44
-6025;1.7;0;0;75;8;Theta;;-15;-60.25
-6016;1.7;0;0;75;8;Theta;;-15;-60.16
-6035;1.7;0;0;75;8;Theta;;-15;-60.35
-6101;1.7;0;0;70;8;Theta;;-20;-61.01
-6119;1.7;0;0;70;8;Theta;;-20;-61.19
-6101;1.7;0;0;70;8;Theta;;-20;-61.01
-6091;1.7;0;0;70;8;Theta;;-20;-60.91
-6129;1.7;0;0;70;8;Theta;;-20;-61.29
-6119;1.7;0;0;70;8;Theta;;-20;-61.19
-6284;1.7;0;0;65;8;Theta;;-25;-62.84
-6303;1.7;0;0;65;8;Theta;;-25;-63.03
-6322;1.7;0;0;65;8;Theta;;-25;-63.22
-6303;1.7;0;0;65;8;Theta;;-25;-63.03
-6303;1.7;0;0;65;8;Theta;;-25;-63.03
-6293;1.7;0;0;65;8;Theta;;-25;-62.93
-6350;1.7;0;0;60;8;Theta;;-30;-63.5
-6350;1.7;0;0;60;8;Theta;;-30;-63.5
-6359;1.7;0;0;60;8;Theta;;-30;-63.59
-6387;1.7;0;0;60;8;Theta;;-30;-63.87
-6350;1.7;0;0;60;8;Theta;;-30;-63.5
-6350;1.7;0;0;60;8;Theta;;-30;-63.5
-6514;1.7;0;0;55;8;Theta;;-35;-65.14
-6495;1.7;0;0;55;8;Theta;;-35;-64.95
-6542;1.7;0;0;55;8;Theta;;-35;-65.42
-6514;1.7;0;0;55;8;Theta;;-35;-65.14
-6542;1.7;0;0;55;8;Theta;;-35;-65.42
-6514;1.7;0;0;55;8;Theta;;-35;-65.14
-6669;1.7;0;0;50;8;Theta;;-40;-66.69
-6716;1.7;0;0;50;8;Theta;;-40;-67.16
-6716;1.7;0;0;50;8;Theta;;-40;-67.16
-6735;1.7;0;0;50;8;Theta;;-40;-67.35
-6745;1.7;0;0;50;8;Theta;;-40;-67.45
-6707;1.7;0;0;50;8;Theta;;-40;-67.07
-6806;1.7;0;0;45;8;Theta;;-45;-68.06
-6843;1.7;0;0;45;8;Theta;;-45;-68.43
-6824;1.7;0;0;45;8;Theta;;-45;-68.24
-6815;1.7;0;0;45;8;Theta;;-45;-68.15
-6871;1.7;0;0;45;8;Theta;;-45;-68.71
-6853;1.7;0;0;45;8;Theta;;-45;-68.53
-7083;1.7;0;0;40;8;Theta;;-50;-70.83
-7083;1.7;0;0;40;8;Theta;;-50;-70.83
-7017;1.7;0;0;40;8;Theta;;-50;-70.17
-7074;1.7;0;0;40;8;Theta;;-50;-70.74
-7074;1.7;0;0;40;8;Theta;;-50;-70.74
-7092;1.7;0;0;40;8;Theta;;-50;-70.92
-7403;1.7;0;0;35;8;Theta;;-55;-74.03
-7365;1.7;0;0;35;8;Theta;;-55;-73.65
-7327;1.7;0;0;35;8;Theta;;-55;-73.27
-7290;1.7;0;0;35;8;Theta;;-55;-72.9
-7280;1.7;0;0;35;8;Theta;;-55;-72.8
-7346;1.7;0;0;35;8;Theta;;-55;-73.46
-7548;1.7;0;0;30;8;Theta;;-60;-75.48
-7464;1.7;0;0;30;8;Theta;;-60;-74.64
-7548;1.7;0;0;30;8;Theta;;-60;-75.48
-7520;1.7;0;0;30;8;Theta;;-60;-75.2
-7454;1.7;0;0;30;8;Theta;;-60;-74.54
-7614;1.7;0;0;30;8;Theta;;-60;-76.14
-7605;1.7;0;0;25;8;Theta;;-65;-76.05
-7586;1.7;0;0;25;8;Theta;;-65;-75.86
-7558;1.7;0;0;25;8;Theta;;-65;-75.58
-7482;1.7;0;0;25;8;Theta;;-65;-74.82
-7586;1.7;0;0;25;8;Theta;;-65;-75.86
-7576;1.7;0;0;25;8;Theta;;-65;-75.76
-7642;1.7;0;0;20;8;Theta;;-70;-76.42
-7558;1.7;0;0;20;8;Theta;;-70;-75.58
-7689;1.7;0;0;20;8;Theta;;-70;-76.89
-7605;1.7;0;0;20;8;Theta;;-70;-76.05
-7670;1.7;0;0;20;8;Theta;;-70;-76.7
-7595;1.7;0;0;20;8;Theta;;-70;-75.95
-7661;1.7;0;0;15;8;Theta;;-75;-76.61
-7717;1.7;0;0;15;8;Theta;;-75;-77.17
-7746;1.7;0;0;15;8;Theta;;-75;-77.46
-7764;1.7;0;0;15;8;Theta;;-75;-77.64
-7717;1.7;0;0;15;8;Theta;;-75;-77.17
-7642;1.7;0;0;15;8;Theta;;-75;-76.42
-5917;1.7;0;0;90;9;Theta;;0;-59.17
-5917;1.7;0;0;90;9;Theta;;0;-59.17
-5936;1.7;0;0;90;9;Theta;;0;-59.36
-5908;1.7;0;0;90;9;Theta;;0;-59.08
-5908;1.7;0;0;90;9;Theta;;0;-59.08
-5917;1.7;0;0;90;9;Theta;;0;-59.17
-5908;1.7;0;0;90;9;Theta;;0;-59.08
-5922;1.7;0;0;95;9;Theta;;5;-59.22
-5922;1.7;0;0;95;9;Theta;;5;-59.22
-5913;1.7;0;0;95;9;Theta;;5;-59.13
-5913;1.7;0;0;95;9;Theta;;5;-59.13
-5913;1.7;0;0;95;9;Theta;;5;-59.13
-5913;1.7;0;0;95;9;Theta;;5;-59.13
-5889;1.7;0;0;100;9;Theta;;10;-58.89
-5908;1.7;0;0;100;9;Theta;;10;-59.08
-5899;1.7;0;0;100;9;Theta;;10;-58.99
-5917;1.7;0;0;100;9;Theta;;10;-59.17
-5908;1.7;0;0;100;9;Theta;;10;-59.08
-5899;1.7;0;0;100;9;Theta;;10;-58.99
-5917;1.7;0;0;100;9;Theta;;10;-59.17
-5946;1.7;0;0;105;9;Theta;;15;-59.46
-5946;1.7;0;0;105;9;Theta;;15;-59.46
-5964;1.7;0;0;105;9;Theta;;15;-59.64
-5955;1.7;0;0;105;9;Theta;;15;-59.55
-5955;1.7;0;0;105;9;Theta;;15;-59.55
-5955;1.7;0;0;105;9;Theta;;15;-59.55
-5946;1.7;0;0;105;9;Theta;;15;-59.46
-6016;1.7;0;0;110;9;Theta;;20;-60.16
-6044;1.7;0;0;110;9;Theta;;20;-60.44
-6035;1.7;0;0;110;9;Theta;;20;-60.35
-6016;1.7;0;0;110;9;Theta;;20;-60.16
-6063;1.7;0;0;110;9;Theta;;20;-60.63
-6025;1.7;0;0;110;9;Theta;;20;-60.25
-6044;1.7;0;0;110;9;Theta;;20;-60.44
-6035;1.7;0;0;115;9;Theta;;25;-60.35
-6063;1.7;0;0;115;9;Theta;;25;-60.63
-6025;1.7;0;0;115;9;Theta;;25;-60.25
-6063;1.7;0;0;115;9;Theta;;25;-60.63
-6035;1.7;0;0;115;9;Theta;;25;-60.35
-6044;1.7;0;0;115;9;Theta;;25;-60.44
-6063;1.7;0;0;115;9;Theta;;25;-60.63
-6082;1.7;0;0;120;9;Theta;;30;-60.82
-6082;1.7;0;0;120;9;Theta;;30;-60.82
-6101;1.7;0;0;120;9;Theta;;30;-61.01
-6072;1.7;0;0;120;9;Theta;;30;-60.72
-6101;1.7;0;0;120;9;Theta;;30;-61.01
-6101;1.7;0;0;120;9;Theta;;30;-61.01
-6152;1.7;0;0;125;9;Theta;;35;-61.52
-6152;1.7;0;0;125;9;Theta;;35;-61.52
-6162;1.7;0;0;125;9;Theta;;35;-61.62
-6162;1.7;0;0;125;9;Theta;;35;-61.62
-6171;1.7;0;0;125;9;Theta;;35;-61.71
-6162;1.7;0;0;125;9;Theta;;35;-61.62
-6260;1.7;0;0;130;9;Theta;;40;-62.6
-6307;1.7;0;0;130;9;Theta;;40;-63.07
-6289;1.7;0;0;130;9;Theta;;40;-62.89
-6289;1.7;0;0;130;9;Theta;;40;-62.89
-6279;1.7;0;0;130;9;Theta;;40;-62.79
-6307;1.7;0;0;130;9;Theta;;40;-63.07
-6298;1.7;0;0;130;9;Theta;;40;-62.98
-6373;1.7;0;0;135;9;Theta;;45;-63.73
-6373;1.7;0;0;135;9;Theta;;45;-63.73
-6373;1.7;0;0;135;9;Theta;;45;-63.73
-6373;1.7;0;0;135;9;Theta;;45;-63.73
-6373;1.7;0;0;135;9;Theta;;45;-63.73
-6373;1.7;0;0;135;9;Theta;;45;-63.73
-6354;1.7;0;0;135;9;Theta;;45;-63.54
-6463;1.7;0;0;140;9;Theta;;50;-64.63
-6434;1.7;0;0;140;9;Theta;;50;-64.34
-6453;1.7;0;0;140;9;Theta;;50;-64.53
-6444;1.7;0;0;140;9;Theta;;50;-64.44
-6453;1.7;0;0;140;9;Theta;;50;-64.53
-6453;1.7;0;0;140;9;Theta;;50;-64.53
-6406;1.7;0;0;140;9;Theta;;50;-64.06
-6589;1.7;0;0;145;9;Theta;;55;-65.89
-6580;1.7;0;0;145;9;Theta;;55;-65.8
-6599;1.7;0;0;145;9;Theta;;55;-65.99
-6561;1.7;0;0;145;9;Theta;;55;-65.61
-6571;1.7;0;0;145;9;Theta;;55;-65.71
-6608;1.7;0;0;145;9;Theta;;55;-66.08
-6580;1.7;0;0;145;9;Theta;;55;-65.8
-6618;1.7;0;0;150;9;Theta;;60;-66.18
-6599;1.7;0;0;150;9;Theta;;60;-65.99
-6646;1.7;0;0;150;9;Theta;;60;-66.46
-6608;1.7;0;0;150;9;Theta;;60;-66.08
-6608;1.7;0;0;150;9;Theta;;60;-66.08
-6608;1.7;0;0;150;9;Theta;;60;-66.08
-6768;1.7;0;0;155;9;Theta;;65;-67.68
-6806;1.7;0;0;155;9;Theta;;65;-68.06
-6787;1.7;0;0;155;9;Theta;;65;-67.87
-6777;1.7;0;0;155;9;Theta;;65;-67.77
-6815;1.7;0;0;155;9;Theta;;65;-68.15
-6759;1.7;0;0;155;9;Theta;;65;-67.59
-6824;1.7;0;0;155;9;Theta;;65;-68.24
-6843;1.7;0;0;160;9;Theta;;70;-68.43
-6871;1.7;0;0;160;9;Theta;;70;-68.71
-6834;1.7;0;0;160;9;Theta;;70;-68.34
-6834;1.7;0;0;160;9;Theta;;70;-68.34
-6871;1.7;0;0;160;9;Theta;;70;-68.71
-6900;1.7;0;0;160;9;Theta;;70;-69
-6900;1.7;0;0;160;9;Theta;;70;-69
-6994;1.7;0;0;165;9;Theta;;75;-69.94
-6975;1.7;0;0;165;9;Theta;;75;-69.75
-6975;1.7;0;0;165;9;Theta;;75;-69.75
-6984;1.7;0;0;165;9;Theta;;75;-69.84
-7012;1.7;0;0;165;9;Theta;;75;-70.12
-7050;1.7;0;0;165;9;Theta;;75;-70.5
-7041;1.7;0;0;165;9;Theta;;75;-70.41
-7022;1.7;0;0;170;9;Theta;;80;-70.22
-7022;1.7;0;0;170;9;Theta;;80;-70.22
-6994;1.7;0;0;170;9;Theta;;80;-69.94
-7050;1.7;0;0;170;9;Theta;;80;-70.5
-7022;1.7;0;0;170;9;Theta;;80;-70.22
-7069;1.7;0;0;170;9;Theta;;80;-70.69
-7031;1.7;0;0;170;9;Theta;;80;-70.31
-7125;1.7;0;0;175;9;Theta;;85;-71.25
-7229;1.7;0;0;175;9;Theta;;85;-72.29
-7172;1.7;0;0;175;9;Theta;;85;-71.72
-7144;1.7;0;0;175;9;Theta;;85;-71.44
-7219;1.7;0;0;175;9;Theta;;85;-72.19
-7182;1.7;0;0;175;9;Theta;;85;-71.82
-7191;1.7;0;0;175;9;Theta;;85;-71.91
-5922;1.7;0;0;85;9;Theta;;-5;-59.22
-5922;1.7;0;0;85;9;Theta;;-5;-59.22
-5913;1.7;0;0;85;9;Theta;;-5;-59.13
-5913;1.7;0;0;85;9;Theta;;-5;-59.13
-5913;1.7;0;0;85;9;Theta;;-5;-59.13
-5931;1.7;0;0;85;9;Theta;;-5;-59.31
-5922;1.7;0;0;85;9;Theta;;-5;-59.22
-6007;1.7;0;0;80;9;Theta;;-10;-60.07
-6016;1.7;0;0;80;9;Theta;;-10;-60.16
-6016;1.7;0;0;80;9;Theta;;-10;-60.16
-6016;1.7;0;0;80;9;Theta;;-10;-60.16
-6016;1.7;0;0;80;9;Theta;;-10;-60.16
-6025;1.7;0;0;80;9;Theta;;-10;-60.25
-6035;1.7;0;0;75;9;Theta;;-15;-60.35
-6007;1.7;0;0;75;9;Theta;;-15;-60.07
-6016;1.7;0;0;75;9;Theta;;-15;-60.16
-6035;1.7;0;0;75;9;Theta;;-15;-60.35
-6054;1.7;0;0;75;9;Theta;;-15;-60.54
-6044;1.7;0;0;75;9;Theta;;-15;-60.44
-6148;1.7;0;0;70;9;Theta;;-20;-61.48
-6138;1.7;0;0;70;9;Theta;;-20;-61.38
-6157;1.7;0;0;70;9;Theta;;-20;-61.57
-6157;1.7;0;0;70;9;Theta;;-20;-61.57
-6148;1.7;0;0;70;9;Theta;;-20;-61.48
-6157;1.7;0;0;70;9;Theta;;-20;-61.57
-6293;1.7;0;0;65;9;Theta;;-25;-62.93
-6322;1.7;0;0;65;9;Theta;;-25;-63.22
-6312;1.7;0;0;65;9;Theta;;-25;-63.12
-6303;1.7;0;0;65;9;Theta;;-25;-63.03
-6303;1.7;0;0;65;9;Theta;;-25;-63.03
-6322;1.7;0;0;65;9;Theta;;-25;-63.22
-6336;1.7;0;0;60;9;Theta;;-30;-63.36
-6364;1.7;0;0;60;9;Theta;;-30;-63.64
-6345;1.7;0;0;60;9;Theta;;-30;-63.45
-6364;1.7;0;0;60;9;Theta;;-30;-63.64
-6345;1.7;0;0;60;9;Theta;;-30;-63.45
-6373;1.7;0;0;60;9;Theta;;-30;-63.73
-6486;1.7;0;0;55;9;Theta;;-35;-64.86
-6514;1.7;0;0;55;9;Theta;;-35;-65.14
-6524;1.7;0;0;55;9;Theta;;-35;-65.24
-6514;1.7;0;0;55;9;Theta;;-35;-65.14
-6477;1.7;0;0;55;9;Theta;;-35;-64.77
-6514;1.7;0;0;55;9;Theta;;-35;-65.14
-6627;1.7;0;0;50;9;Theta;;-40;-66.27
-6730;1.7;0;0;50;9;Theta;;-40;-67.3
-6683;1.7;0;0;50;9;Theta;;-40;-66.83
-6636;1.7;0;0;50;9;Theta;;-40;-66.36
-6627;1.7;0;0;50;9;Theta;;-40;-66.27
-6674;1.7;0;0;50;9;Theta;;-40;-66.74
-6820;1.7;0;0;45;9;Theta;;-45;-68.2
-6857;1.7;0;0;45;9;Theta;;-45;-68.57
-6839;1.7;0;0;45;9;Theta;;-45;-68.39
-6914;1.7;0;0;45;9;Theta;;-45;-69.14
-6857;1.7;0;0;45;9;Theta;;-45;-68.57
-6895;1.7;0;0;45;9;Theta;;-45;-68.95
-7012;1.7;0;0;40;9;Theta;;-50;-70.12
-7069;1.7;0;0;40;9;Theta;;-50;-70.69
-7088;1.7;0;0;40;9;Theta;;-50;-70.88
-7069;1.7;0;0;40;9;Theta;;-50;-70.69
-7050;1.7;0;0;40;9;Theta;;-50;-70.5
-7031;1.7;0;0;40;9;Theta;;-50;-70.31
-7360;1.7;0;0;35;9;Theta;;-55;-73.6
-7351;1.7;0;0;35;9;Theta;;-55;-73.51
-7370;1.7;0;0;35;9;Theta;;-55;-73.7
-7360;1.7;0;0;35;9;Theta;;-55;-73.6
-7360;1.7;0;0;35;9;Theta;;-55;-73.6
-7388;1.7;0;0;35;9;Theta;;-55;-73.88
-7332;1.7;0;0;35;9;Theta;;-55;-73.32
-7388;1.7;0;0;30;9;Theta;;-60;-73.88
-7482;1.7;0;0;30;9;Theta;;-60;-74.82
-7661;1.7;0;0;30;9;Theta;;-60;-76.61
-7388;1.7;0;0;30;9;Theta;;-60;-73.88
-7501;1.7;0;0;30;9;Theta;;-60;-75.01
-7482;1.7;0;0;30;9;Theta;;-60;-74.82
-7544;1.7;0;0;25;9;Theta;;-65;-75.44
-7525;1.7;0;0;25;9;Theta;;-65;-75.25
-7628;1.7;0;0;25;9;Theta;;-65;-76.28
-7581;1.7;0;0;25;9;Theta;;-65;-75.81
-7628;1.7;0;0;25;9;Theta;;-65;-76.28
-7609;1.7;0;0;25;9;Theta;;-65;-76.09
-7746;1.7;0;0;20;9;Theta;;-70;-77.46
-7689;1.7;0;0;20;9;Theta;;-70;-76.89
-7586;1.7;0;0;20;9;Theta;;-70;-75.86
-7736;1.7;0;0;20;9;Theta;;-70;-77.36
-7670;1.7;0;0;20;9;Theta;;-70;-76.7
-7699;1.7;0;0;20;9;Theta;;-70;-76.99
-7670;1.7;0;0;20;9;Theta;;-70;-76.7
-7581;1.7;0;0;15;9;Theta;;-75;-75.81
-7647;1.7;0;0;15;9;Theta;;-75;-76.47
-7769;1.7;0;0;15;9;Theta;;-75;-77.69
-7656;1.7;0;0;15;9;Theta;;-75;-76.56
-7732;1.7;0;0;15;9;Theta;;-75;-77.32
-7760;1.7;0;0;15;9;Theta;;-75;-77.6
-7675;1.7;0;0;15;9;Theta;;-75;-76.75
-5931;1.7;0;0;90;10;Theta;;0;-59.31
-5960;1.7;0;0;90;10;Theta;;0;-59.6
-5941;1.7;0;0;90;10;Theta;;0;-59.41
-5969;1.7;0;0;90;10;Theta;;0;-59.69
-5941;1.7;0;0;90;10;Theta;;0;-59.41
-5950;1.7;0;0;90;10;Theta;;0;-59.5
-5899;1.7;0;0;95;10;Theta;;5;-58.99
-5889;1.7;0;0;95;10;Theta;;5;-58.89
-5908;1.7;0;0;95;10;Theta;;5;-59.08
-5899;1.7;0;0;95;10;Theta;;5;-58.99
-5889;1.7;0;0;95;10;Theta;;5;-58.89
-5927;1.7;0;0;95;10;Theta;;5;-59.27
-5899;1.7;0;0;95;10;Theta;;5;-58.99
-5913;1.7;0;0;100;10;Theta;;10;-59.13
-5894;1.7;0;0;100;10;Theta;;10;-58.94
-5922;1.7;0;0;100;10;Theta;;10;-59.22
-5913;1.7;0;0;100;10;Theta;;10;-59.13
-5913;1.7;0;0;100;10;Theta;;10;-59.13
-5913;1.7;0;0;100;10;Theta;;10;-59.13
-5922;1.7;0;0;100;10;Theta;;10;-59.22
-5960;1.7;0;0;105;10;Theta;;15;-59.6
-5969;1.7;0;0;105;10;Theta;;15;-59.69
-5978;1.7;0;0;105;10;Theta;;15;-59.78
-5988;1.7;0;0;105;10;Theta;;15;-59.88
-5969;1.7;0;0;105;10;Theta;;15;-59.69
-5978;1.7;0;0;105;10;Theta;;15;-59.78
-5974;1.7;0;0;110;10;Theta;;20;-59.74
-5955;1.7;0;0;110;10;Theta;;20;-59.55
-5964;1.7;0;0;110;10;Theta;;20;-59.64
-5964;1.7;0;0;110;10;Theta;;20;-59.64
-5964;1.7;0;0;110;10;Theta;;20;-59.64
-5974;1.7;0;0;110;10;Theta;;20;-59.74
-5974;1.7;0;0;110;10;Theta;;20;-59.74
-6105;1.7;0;0;115;10;Theta;;25;-61.05
-6087;1.7;0;0;115;10;Theta;;25;-60.87
-6068;1.7;0;0;115;10;Theta;;25;-60.68
-6077;1.7;0;0;115;10;Theta;;25;-60.77
-6068;1.7;0;0;115;10;Theta;;25;-60.68
-6068;1.7;0;0;115;10;Theta;;25;-60.68
-6058;1.7;0;0;115;10;Theta;;25;-60.58
-6129;1.7;0;0;120;10;Theta;;30;-61.29
-6129;1.7;0;0;120;10;Theta;;30;-61.29
-6129;1.7;0;0;120;10;Theta;;30;-61.29
-6110;1.7;0;0;120;10;Theta;;30;-61.1
-6119;1.7;0;0;120;10;Theta;;30;-61.19
-6138;1.7;0;0;120;10;Theta;;30;-61.38
-6195;1.7;0;0;125;10;Theta;;35;-61.95
-6204;1.7;0;0;125;10;Theta;;35;-62.04
-6204;1.7;0;0;125;10;Theta;;35;-62.04
-6185;1.7;0;0;125;10;Theta;;35;-61.85
-6204;1.7;0;0;125;10;Theta;;35;-62.04
-6185;1.7;0;0;125;10;Theta;;35;-61.85
-6185;1.7;0;0;125;10;Theta;;35;-61.85
-6289;1.7;0;0;130;10;Theta;;40;-62.89
-6270;1.7;0;0;130;10;Theta;;40;-62.7
-6279;1.7;0;0;130;10;Theta;;40;-62.79
-6289;1.7;0;0;130;10;Theta;;40;-62.89
-6298;1.7;0;0;130;10;Theta;;40;-62.98
-6298;1.7;0;0;130;10;Theta;;40;-62.98
-6298;1.7;0;0;130;10;Theta;;40;-62.98
-6420;1.7;0;0;135;10;Theta;;45;-64.2
-6411;1.7;0;0;135;10;Theta;;45;-64.11
-6411;1.7;0;0;135;10;Theta;;45;-64.11
-6401;1.7;0;0;135;10;Theta;;45;-64.01
-6420;1.7;0;0;135;10;Theta;;45;-64.2
-6420;1.7;0;0;135;10;Theta;;45;-64.2
-6401;1.7;0;0;135;10;Theta;;45;-64.01
-6472;1.7;0;0;140;10;Theta;;50;-64.72
-6463;1.7;0;0;140;10;Theta;;50;-64.63
-6463;1.7;0;0;140;10;Theta;;50;-64.63
-6453;1.7;0;0;140;10;Theta;;50;-64.53
-6463;1.7;0;0;140;10;Theta;;50;-64.63
-6491;1.7;0;0;140;10;Theta;;50;-64.91
-6463;1.7;0;0;140;10;Theta;;50;-64.63
-6552;1.7;0;0;145;10;Theta;;55;-65.52
-6552;1.7;0;0;145;10;Theta;;55;-65.52
-6552;1.7;0;0;145;10;Theta;;55;-65.52
-6533;1.7;0;0;145;10;Theta;;55;-65.33
-6561;1.7;0;0;145;10;Theta;;55;-65.61
-6514;1.7;0;0;145;10;Theta;;55;-65.14
-6533;1.7;0;0;145;10;Theta;;55;-65.33
-6646;1.7;0;0;150;10;Theta;;60;-66.46
-6636;1.7;0;0;150;10;Theta;;60;-66.36
-6655;1.7;0;0;150;10;Theta;;60;-66.55
-6655;1.7;0;0;150;10;Theta;;60;-66.55
-6646;1.7;0;0;150;10;Theta;;60;-66.46
-6674;1.7;0;0;150;10;Theta;;60;-66.74
-6655;1.7;0;0;150;10;Theta;;60;-66.55
-6759;1.7;0;0;155;10;Theta;;65;-67.59
-6787;1.7;0;0;155;10;Theta;;65;-67.87
-6768;1.7;0;0;155;10;Theta;;65;-67.68
-6759;1.7;0;0;155;10;Theta;;65;-67.59
-6806;1.7;0;0;155;10;Theta;;65;-68.06
-6834;1.7;0;0;155;10;Theta;;65;-68.34
-6768;1.7;0;0;155;10;Theta;;65;-67.68
-6947;1.7;0;0;160;10;Theta;;70;-69.47
-6824;1.7;0;0;160;10;Theta;;70;-68.24
-6900;1.7;0;0;160;10;Theta;;70;-69
-6928;1.7;0;0;160;10;Theta;;70;-69.28
-6900;1.7;0;0;160;10;Theta;;70;-69
-6900;1.7;0;0;160;10;Theta;;70;-69
-6928;1.7;0;0;160;10;Theta;;70;-69.28
-6994;1.7;0;0;165;10;Theta;;75;-69.94
-6956;1.7;0;0;165;10;Theta;;75;-69.56
-6956;1.7;0;0;165;10;Theta;;75;-69.56
-6984;1.7;0;0;165;10;Theta;;75;-69.84
-7012;1.7;0;0;165;10;Theta;;75;-70.12
-6956;1.7;0;0;165;10;Theta;;75;-69.56
-7003;1.7;0;0;165;10;Theta;;75;-70.03
-7069;1.7;0;0;170;10;Theta;;80;-70.69
-7059;1.7;0;0;170;10;Theta;;80;-70.59
-7050;1.7;0;0;170;10;Theta;;80;-70.5
-7097;1.7;0;0;170;10;Theta;;80;-70.97
-7041;1.7;0;0;170;10;Theta;;80;-70.41
-7041;1.7;0;0;170;10;Theta;;80;-70.41
-7069;1.7;0;0;170;10;Theta;;80;-70.69
-7144;1.7;0;0;175;10;Theta;;85;-71.44
-7163;1.7;0;0;175;10;Theta;;85;-71.63
-7153;1.7;0;0;175;10;Theta;;85;-71.53
-7135;1.7;0;0;175;10;Theta;;85;-71.35
-7163;1.7;0;0;175;10;Theta;;85;-71.63
-7135;1.7;0;0;175;10;Theta;;85;-71.35
-7191;1.7;0;0;175;10;Theta;;85;-71.91
-5931;1.7;0;0;85;10;Theta;;-5;-59.31
-5931;1.7;0;0;85;10;Theta;;-5;-59.31
-5931;1.7;0;0;85;10;Theta;;-5;-59.31
-5922;1.7;0;0;85;10;Theta;;-5;-59.22
-5941;1.7;0;0;85;10;Theta;;-5;-59.41
-5960;1.7;0;0;85;10;Theta;;-5;-59.6
-5993;1.7;0;0;80;10;Theta;;-10;-59.93
-5974;1.7;0;0;80;10;Theta;;-10;-59.74
-5983;1.7;0;0;80;10;Theta;;-10;-59.83
-5993;1.7;0;0;80;10;Theta;;-10;-59.93
-5993;1.7;0;0;80;10;Theta;;-10;-59.93
-5974;1.7;0;0;80;10;Theta;;-10;-59.74
-6007;1.7;0;0;75;10;Theta;;-15;-60.07
-6007;1.7;0;0;75;10;Theta;;-15;-60.07
-6007;1.7;0;0;75;10;Theta;;-15;-60.07
-6025;1.7;0;0;75;10;Theta;;-15;-60.25
-6025;1.7;0;0;75;10;Theta;;-15;-60.25
-6007;1.7;0;0;75;10;Theta;;-15;-60.07
-6096;1.7;0;0;70;10;Theta;;-20;-60.96
-6124;1.7;0;0;70;10;Theta;;-20;-61.24
-6115;1.7;0;0;70;10;Theta;;-20;-61.15
-6096;1.7;0;0;70;10;Theta;;-20;-60.96
-6105;1.7;0;0;70;10;Theta;;-20;-61.05
-6115;1.7;0;0;70;10;Theta;;-20;-61.15
-6185;1.7;0;0;65;10;Theta;;-25;-61.85
-6195;1.7;0;0;65;10;Theta;;-25;-61.95
-6204;1.7;0;0;65;10;Theta;;-25;-62.04
-6204;1.7;0;0;65;10;Theta;;-25;-62.04
-6185;1.7;0;0;65;10;Theta;;-25;-61.85
-6185;1.7;0;0;65;10;Theta;;-25;-61.85
-6204;1.7;0;0;65;10;Theta;;-25;-62.04
-6331;1.7;0;0;60;10;Theta;;-30;-63.31
-6350;1.7;0;0;60;10;Theta;;-30;-63.5
-6369;1.7;0;0;60;10;Theta;;-30;-63.69
-6340;1.7;0;0;60;10;Theta;;-30;-63.4
-6378;1.7;0;0;60;10;Theta;;-30;-63.78
-6359;1.7;0;0;60;10;Theta;;-30;-63.59
-6580;1.7;0;0;55;10;Theta;;-35;-65.8
-6542;1.7;0;0;55;10;Theta;;-35;-65.42
-6561;1.7;0;0;55;10;Theta;;-35;-65.61
-6533;1.7;0;0;55;10;Theta;;-35;-65.33
-6542;1.7;0;0;55;10;Theta;;-35;-65.42
-6561;1.7;0;0;55;10;Theta;;-35;-65.61
-6599;1.7;0;0;50;10;Theta;;-40;-65.99
-6627;1.7;0;0;50;10;Theta;;-40;-66.27
-6674;1.7;0;0;50;10;Theta;;-40;-66.74
-6683;1.7;0;0;50;10;Theta;;-40;-66.83
-6665;1.7;0;0;50;10;Theta;;-40;-66.65
-6683;1.7;0;0;50;10;Theta;;-40;-66.83
-6815;1.7;0;0;45;10;Theta;;-45;-68.15
-6853;1.7;0;0;45;10;Theta;;-45;-68.53
-6787;1.7;0;0;45;10;Theta;;-45;-67.87
-6862;1.7;0;0;45;10;Theta;;-45;-68.62
-6824;1.7;0;0;45;10;Theta;;-45;-68.24
-6806;1.7;0;0;45;10;Theta;;-45;-68.06
-7045;1.7;0;0;40;10;Theta;;-50;-70.45
-7064;1.7;0;0;40;10;Theta;;-50;-70.64
-7036;1.7;0;0;40;10;Theta;;-50;-70.36
-7092;1.7;0;0;40;10;Theta;;-50;-70.92
-7055;1.7;0;0;40;10;Theta;;-50;-70.55
-7064;1.7;0;0;40;10;Theta;;-50;-70.64
-7313;1.7;0;0;35;10;Theta;;-55;-73.13
-7388;1.7;0;0;35;10;Theta;;-55;-73.88
-7388;1.7;0;0;35;10;Theta;;-55;-73.88
-7341;1.7;0;0;35;10;Theta;;-55;-73.41
-7407;1.7;0;0;35;10;Theta;;-55;-74.07
-7435;1.7;0;0;35;10;Theta;;-55;-74.35
-7638;1.7;0;0;30;10;Theta;;-60;-76.38
-7600;1.7;0;0;30;10;Theta;;-60;-76
-7515;1.7;0;0;30;10;Theta;;-60;-75.15
-7581;1.7;0;0;30;10;Theta;;-60;-75.81
-7553;1.7;0;0;30;10;Theta;;-60;-75.53
-7506;1.7;0;0;30;10;Theta;;-60;-75.06
-7595;1.7;0;0;25;10;Theta;;-65;-75.95
-7586;1.7;0;0;25;10;Theta;;-65;-75.86
-7539;1.7;0;0;25;10;Theta;;-65;-75.39
-7567;1.7;0;0;25;10;Theta;;-65;-75.67
-7567;1.7;0;0;25;10;Theta;;-65;-75.67
-7567;1.7;0;0;25;10;Theta;;-65;-75.67
-7591;1.7;0;0;20;10;Theta;;-70;-75.91
-7619;1.7;0;0;20;10;Theta;;-70;-76.19
-7581;1.7;0;0;20;10;Theta;;-70;-75.81
-7638;1.7;0;0;20;10;Theta;;-70;-76.38
-7609;1.7;0;0;20;10;Theta;;-70;-76.09
-7572;1.7;0;0;20;10;Theta;;-70;-75.72
-7703;1.7;0;0;15;10;Theta;;-75;-77.03
-7685;1.7;0;0;15;10;Theta;;-75;-76.85
-7788;1.7;0;0;15;10;Theta;;-75;-77.88
-7647;1.7;0;0;15;10;Theta;;-75;-76.47
-7562;1.7;0;0;15;10;Theta;;-75;-75.62
-7703;1.7;0;0;15;10;Theta;;-75;-77.03
