RSSI-Org;Robot Rot Z [deg];Reading Number;;;;;;phi;RSSI
-5800;100;1;;;;;;10;-58
-5828;100;1;;;;;;10;-58.28
-5800;100;1;;;;;;10;-58
-5809;100;1;;;;;;10;-58.09
-5819;100;1;;;;;;10;-58.19
-5819;100;1;;;;;;10;-58.19
-5800;100;1;;;;;;10;-58
-5946;110;1;;;;;;20;-59.46
-5936;110;1;;;;;;20;-59.36
-5927;110;1;;;;;;20;-59.27
-5946;110;1;;;;;;20;-59.46
-5946;110;1;;;;;;20;-59.46
-5946;110;1;;;;;;20;-59.46
-6138;120;1;;;;;;30;-61.38
-6138;120;1;;;;;;30;-61.38
-6138;120;1;;;;;;30;-61.38
-6148;120;1;;;;;;30;-61.48
-6148;120;1;;;;;;30;-61.48
-6138;120;1;;;;;;30;-61.38
-6138;120;1;;;;;;30;-61.38
-6383;130;1;;;;;;40;-63.83
-6392;130;1;;;;;;40;-63.92
-6401;130;1;;;;;;40;-64.01
-6392;130;1;;;;;;40;-63.92
-6401;130;1;;;;;;40;-64.01
-6392;130;1;;;;;;40;-63.92
-6383;130;1;;;;;;40;-63.83
-6777;140;1;;;;;;50;-67.77
-6796;140;1;;;;;;50;-67.96
-6787;140;1;;;;;;50;-67.87
-6749;140;1;;;;;;50;-67.49
-6834;140;1;;;;;;50;-68.34
-6824;140;1;;;;;;50;-68.24
-6806;140;1;;;;;;50;-68.06
-7205;150;1;;;;;;60;-72.05
-7158;150;1;;;;;;60;-71.58
-7130;150;1;;;;;;60;-71.3
-7092;150;1;;;;;;60;-70.92
-7149;150;1;;;;;;60;-71.49
-7139;150;1;;;;;;60;-71.39
-7863;160;1;;;;;;70;-78.63
-7873;160;1;;;;;;70;-78.73
-7844;160;1;;;;;;70;-78.44
-7882;160;1;;;;;;70;-78.82
-5819;80;1;;;;;;-10;-58.19
-5847;80;1;;;;;;-10;-58.47
-5847;80;1;;;;;;-10;-58.47
-5847;80;1;;;;;;-10;-58.47
-5837;80;1;;;;;;-10;-58.37
-5847;80;1;;;;;;-10;-58.47
-5866;80;1;;;;;;-10;-58.66
-5884;70;1;;;;;;-20;-58.84
-5931;70;1;;;;;;-20;-59.31
-5922;70;1;;;;;;-20;-59.22
-5922;70;1;;;;;;-20;-59.22
-5950;70;1;;;;;;-20;-59.5
-5941;70;1;;;;;;-20;-59.41
-6176;60;1;;;;;;-30;-61.76
-6195;60;1;;;;;;-30;-61.95
-6185;60;1;;;;;;-30;-61.85
-6213;60;1;;;;;;-30;-62.13
-6204;60;1;;;;;;-30;-62.04
-6195;60;1;;;;;;-30;-61.95
-6585;50;1;;;;;;-40;-65.85
-6575;50;1;;;;;;-40;-65.75
-6557;50;1;;;;;;-40;-65.57
-6547;50;1;;;;;;-40;-65.47
-6557;50;1;;;;;;-40;-65.57
-6594;50;1;;;;;;-40;-65.94
-6693;40;1;;;;;;-50;-66.93
-6712;40;1;;;;;;-50;-67.12
-6730;40;1;;;;;;-50;-67.3
-6712;40;1;;;;;;-50;-67.12
-6712;40;1;;;;;;-50;-67.12
-6730;40;1;;;;;;-50;-67.3
-7050;30;1;;;;;;-60;-70.5
-7172;30;1;;;;;;-60;-71.72
-7106;30;1;;;;;;-60;-71.06
-7088;30;1;;;;;;-60;-70.88
-7106;30;1;;;;;;-60;-71.06
-7078;30;1;;;;;;-60;-70.78
-7012;30;1;;;;;;-60;-70.12
-7445;20;1;;;;;;-70;-74.45
-7379;20;1;;;;;;-70;-73.79
-7445;20;1;;;;;;-70;-74.45
-7445;20;1;;;;;;-70;-74.45
-7426;20;1;;;;;;-70;-74.26
-7398;20;1;;;;;;-70;-73.98
-7769;10;1;;;;;;-80;-77.69
-7694;10;1;;;;;;-80;-76.94
-7703;10;1;;;;;;-80;-77.03
-7713;10;1;;;;;;-80;-77.13
-7816;10;1;;;;;;-80;-78.16
-7769;10;1;;;;;;-80;-77.69
-7266;0;1;;;;;;-90;-72.66
-7464;0;1;;;;;;-90;-74.64
-7435;0;1;;;;;;-90;-74.35
-7276;0;1;;;;;;-90;-72.76
-7435;0;1;;;;;;-90;-74.35
-7464;0;1;;;;;;-90;-74.64
-7417;0;1;;;;;;-90;-74.17
-7473;0;1;;;;;;-90;-74.73
-5781;100;2;;;;;;10;-57.81
-5772;100;2;;;;;;10;-57.72
-5790;100;2;;;;;;10;-57.9
-5790;100;2;;;;;;10;-57.9
-5790;100;2;;;;;;10;-57.9
-5772;100;2;;;;;;10;-57.72
-5772;100;2;;;;;;10;-57.72
-5880;110;2;;;;;;20;-58.8
-5889;110;2;;;;;;20;-58.89
-5899;110;2;;;;;;20;-58.99
-5889;110;2;;;;;;20;-58.89
-5899;110;2;;;;;;20;-58.99
-5899;110;2;;;;;;20;-58.99
-6105;120;2;;;;;;30;-61.05
-6087;120;2;;;;;;30;-60.87
-6096;120;2;;;;;;30;-60.96
-6105;120;2;;;;;;30;-61.05
-6068;120;2;;;;;;30;-60.68
-6105;120;2;;;;;;30;-61.05
-6354;130;2;;;;;;40;-63.54
-6373;130;2;;;;;;40;-63.73
-6345;130;2;;;;;;40;-63.45
-6392;130;2;;;;;;40;-63.92
-6364;130;2;;;;;;40;-63.64
-6401;130;2;;;;;;40;-64.01
-6768;140;2;;;;;;50;-67.68
-6768;140;2;;;;;;50;-67.68
-6815;140;2;;;;;;50;-68.15
-6787;140;2;;;;;;50;-67.87
-6824;140;2;;;;;;50;-68.24
-6787;140;2;;;;;;50;-67.87
-7346;150;2;;;;;;60;-73.46
-7440;150;2;;;;;;60;-74.4
-7440;150;2;;;;;;60;-74.4
-7421;150;2;;;;;;60;-74.21
-7384;150;2;;;;;;60;-73.84
-7468;150;2;;;;;;60;-74.68
-8117;160;2;;;;;;70;-81.17
-5842;80;2;;;;;;-10;-58.42
-5861;80;2;;;;;;-10;-58.61
-5861;80;2;;;;;;-10;-58.61
-5852;80;2;;;;;;-10;-58.52
-5842;80;2;;;;;;-10;-58.42
-5842;80;2;;;;;;-10;-58.42
-5861;80;2;;;;;;-10;-58.61
-5988;70;2;;;;;;-20;-59.88
-5978;70;2;;;;;;-20;-59.78
-6016;70;2;;;;;;-20;-60.16
-5997;70;2;;;;;;-20;-59.97
-5988;70;2;;;;;;-20;-59.88
-6016;70;2;;;;;;-20;-60.16
-6007;70;2;;;;;;-20;-60.07
-6171;60;2;;;;;;-30;-61.71
-6181;60;2;;;;;;-30;-61.81
-6162;60;2;;;;;;-30;-61.62
-6181;60;2;;;;;;-30;-61.81
-6181;60;2;;;;;;-30;-61.81
-6171;60;2;;;;;;-30;-61.71
-6514;50;2;;;;;;-40;-65.14
-6514;50;2;;;;;;-40;-65.14
-6505;50;2;;;;;;-40;-65.05
-6533;50;2;;;;;;-40;-65.33
-6495;50;2;;;;;;-40;-64.95
-6542;50;2;;;;;;-40;-65.42
-6505;50;2;;;;;;-40;-65.05
-6843;40;2;;;;;;-50;-68.43
-6806;40;2;;;;;;-50;-68.06
-6824;40;2;;;;;;-50;-68.24
-6824;40;2;;;;;;-50;-68.24
-6796;40;2;;;;;;-50;-67.96
-6824;40;2;;;;;;-50;-68.24
-7426;30;2;;;;;;-60;-74.26
-7370;30;2;;;;;;-60;-73.7
-7370;30;2;;;;;;-60;-73.7
-7426;30;2;;;;;;-60;-74.26
-7454;30;2;;;;;;-60;-74.54
-7360;30;2;;;;;;-60;-73.6
-7497;20;2;;;;;;-70;-74.97
-7440;20;2;;;;;;-70;-74.4
-7468;20;2;;;;;;-70;-74.68
-7478;20;2;;;;;;-70;-74.78
-7459;20;2;;;;;;-70;-74.59
-7515;20;2;;;;;;-70;-75.15
-7515;20;2;;;;;;-70;-75.15
-7548;10;2;;;;;;-80;-75.48
-7539;10;2;;;;;;-80;-75.39
-7520;10;2;;;;;;-80;-75.2
-7539;10;2;;;;;;-80;-75.39
-7539;10;2;;;;;;-80;-75.39
-7520;10;2;;;;;;-80;-75.2
-7529;10;2;;;;;;-80;-75.29
-7497;0;2;;;;;;-90;-74.97
-7478;0;2;;;;;;-90;-74.78
-7497;0;2;;;;;;-90;-74.97
-7468;0;2;;;;;;-90;-74.68
-7440;0;2;;;;;;-90;-74.4
-7525;0;2;;;;;;-90;-75.25
-5776;100;3;;;;;;10;-57.76
-5776;100;3;;;;;;10;-57.76
-5767;100;3;;;;;;10;-57.67
-5786;100;3;;;;;;10;-57.86
-5786;100;3;;;;;;10;-57.86
-5786;100;3;;;;;;10;-57.86
-5861;110;3;;;;;;20;-58.61
-5870;110;3;;;;;;20;-58.7
-5870;110;3;;;;;;20;-58.7
-5861;110;3;;;;;;20;-58.61
-5870;110;3;;;;;;20;-58.7
-5889;110;3;;;;;;20;-58.89
-5870;110;3;;;;;;20;-58.7
-6110;120;3;;;;;;30;-61.1
-6119;120;3;;;;;;30;-61.19
-6119;120;3;;;;;;30;-61.19
-6091;120;3;;;;;;30;-60.91
-6110;120;3;;;;;;30;-61.1
-6110;120;3;;;;;;30;-61.1
-6072;120;3;;;;;;30;-60.72
-6430;130;3;;;;;;40;-64.3
-6401;130;3;;;;;;40;-64.01
-6420;130;3;;;;;;40;-64.2
-6420;130;3;;;;;;40;-64.2
-6420;130;3;;;;;;40;-64.2
-6392;130;3;;;;;;40;-63.92
-6392;130;3;;;;;;40;-63.92
-6651;140;3;;;;;;50;-66.51
-6622;140;3;;;;;;50;-66.22
-6688;140;3;;;;;;50;-66.88
-6679;140;3;;;;;;50;-66.79
-6651;140;3;;;;;;50;-66.51
-6651;140;3;;;;;;50;-66.51
-7323;150;3;;;;;;60;-73.23
-7304;150;3;;;;;;60;-73.04
-7304;150;3;;;;;;60;-73.04
-7351;150;3;;;;;;60;-73.51
-7247;150;3;;;;;;60;-72.47
-7304;150;3;;;;;;60;-73.04
-5819;80;3;;;;;;-10;-58.19
-5847;80;3;;;;;;-10;-58.47
-5837;80;3;;;;;;-10;-58.37
-5828;80;3;;;;;;-10;-58.28
-5847;80;3;;;;;;-10;-58.47
-5828;80;3;;;;;;-10;-58.28
-5974;70;3;;;;;;-20;-59.74
-5964;70;3;;;;;;-20;-59.64
-5955;70;3;;;;;;-20;-59.55
-5983;70;3;;;;;;-20;-59.83
-5983;70;3;;;;;;-20;-59.83
-5955;70;3;;;;;;-20;-59.55
-5983;70;3;;;;;;-20;-59.83
-6204;60;3;;;;;;-30;-62.04
-6242;60;3;;;;;;-30;-62.42
-6213;60;3;;;;;;-30;-62.13
-6223;60;3;;;;;;-30;-62.23
-6223;60;3;;;;;;-30;-62.23
-6204;60;3;;;;;;-30;-62.04
-6223;60;3;;;;;;-30;-62.23
-6524;50;3;;;;;;-40;-65.24
-6495;50;3;;;;;;-40;-64.95
-6495;50;3;;;;;;-40;-64.95
-6495;50;3;;;;;;-40;-64.95
-6505;50;3;;;;;;-40;-65.05
-6514;50;3;;;;;;-40;-65.14
-6542;50;3;;;;;;-40;-65.42
-6843;40;3;;;;;;-50;-68.43
-6834;40;3;;;;;;-50;-68.34
-6881;40;3;;;;;;-50;-68.81
-6881;40;3;;;;;;-50;-68.81
-6853;40;3;;;;;;-50;-68.53
-6862;40;3;;;;;;-50;-68.62
-6834;40;3;;;;;;-50;-68.34
-6980;30;3;;;;;;-60;-69.8
-6980;30;3;;;;;;-60;-69.8
-7008;30;3;;;;;;-60;-70.08
-6961;30;3;;;;;;-60;-69.61
-6980;30;3;;;;;;-60;-69.8
-6989;30;3;;;;;;-60;-69.89
-6989;30;3;;;;;;-60;-69.89
-7534;20;3;;;;;;-70;-75.34
-7553;20;3;;;;;;-70;-75.53
-7591;20;3;;;;;;-70;-75.91
-7525;20;3;;;;;;-70;-75.25
-7478;20;3;;;;;;-70;-74.78
-7553;20;3;;;;;;-70;-75.53
-7497;20;3;;;;;;-70;-74.97
-7529;10;3;;;;;;-80;-75.29
-7539;10;3;;;;;;-80;-75.39
-7576;10;3;;;;;;-80;-75.76
-7595;10;3;;;;;;-80;-75.95
-7539;10;3;;;;;;-80;-75.39
-7576;10;3;;;;;;-80;-75.76
-7511;10;3;;;;;;-80;-75.11
-7576;0;3;;;;;;-90;-75.76
-7595;0;3;;;;;;-90;-75.95
-7680;0;3;;;;;;-90;-76.8
-7614;0;3;;;;;;-90;-76.14
-7689;0;3;;;;;;-90;-76.89
-7652;0;3;;;;;;-90;-76.52
-5847;100;4;;;;;;10;-58.47
-5847;100;4;;;;;;10;-58.47
-5828;100;4;;;;;;10;-58.28
-5856;100;4;;;;;;10;-58.56
-5856;100;4;;;;;;10;-58.56
-5847;100;4;;;;;;10;-58.47
-5847;100;4;;;;;;10;-58.47
-5847;110;4;;;;;;20;-58.47
-5875;110;4;;;;;;20;-58.75
-5884;110;4;;;;;;20;-58.84
-5866;110;4;;;;;;20;-58.66
-5894;110;4;;;;;;20;-58.94
-5875;110;4;;;;;;20;-58.75
-5884;110;4;;;;;;20;-58.84
-6077;120;4;;;;;;30;-60.77
-6077;120;4;;;;;;30;-60.77
-6077;120;4;;;;;;30;-60.77
-6077;120;4;;;;;;30;-60.77
-6068;120;4;;;;;;30;-60.68
-6077;120;4;;;;;;30;-60.77
-6340;130;4;;;;;;40;-63.4
-6340;130;4;;;;;;40;-63.4
-6322;130;4;;;;;;40;-63.22
-6340;130;4;;;;;;40;-63.4
-6340;130;4;;;;;;40;-63.4
-6378;130;4;;;;;;40;-63.78
-6660;140;4;;;;;;50;-66.6
-6622;140;4;;;;;;50;-66.22
-6707;140;4;;;;;;50;-67.07
-6641;140;4;;;;;;50;-66.41
-6660;140;4;;;;;;50;-66.6
-6641;140;4;;;;;;50;-66.41
-6679;140;4;;;;;;50;-66.79
-7224;150;4;;;;;;60;-72.24
-7318;150;4;;;;;;60;-73.18
-7233;150;4;;;;;;60;-72.33
-7243;150;4;;;;;;60;-72.43
-7346;150;4;;;;;;60;-73.46
-7356;150;4;;;;;;60;-73.56
-5856;80;4;;;;;;-10;-58.56
-5875;80;4;;;;;;-10;-58.75
-5828;80;4;;;;;;-10;-58.28
-5856;80;4;;;;;;-10;-58.56
-5875;80;4;;;;;;-10;-58.75
-5856;80;4;;;;;;-10;-58.56
-5983;70;4;;;;;;-20;-59.83
-5974;70;4;;;;;;-20;-59.74
-5983;70;4;;;;;;-20;-59.83
-5964;70;4;;;;;;-20;-59.64
-5974;70;4;;;;;;-20;-59.74
-5955;70;4;;;;;;-20;-59.55
-6204;60;4;;;;;;-30;-62.04
-6213;60;4;;;;;;-30;-62.13
-6260;60;4;;;;;;-30;-62.6
-6242;60;4;;;;;;-30;-62.42
-6242;60;4;;;;;;-30;-62.42
-6223;60;4;;;;;;-30;-62.23
-6538;50;4;;;;;;-40;-65.38
-6547;50;4;;;;;;-40;-65.47
-6538;50;4;;;;;;-40;-65.38
-6547;50;4;;;;;;-40;-65.47
-6557;50;4;;;;;;-40;-65.57
-6528;50;4;;;;;;-40;-65.28
-6528;50;4;;;;;;-40;-65.28
-6730;40;4;;;;;;-50;-67.3
-6777;40;4;;;;;;-50;-67.77
-6749;40;4;;;;;;-50;-67.49
-6768;40;4;;;;;;-50;-67.68
-6749;40;4;;;;;;-50;-67.49
-6768;40;4;;;;;;-50;-67.68
-7271;30;4;;;;;;-60;-72.71
-7233;30;4;;;;;;-60;-72.33
-7224;30;4;;;;;;-60;-72.24
-7299;30;4;;;;;;-60;-72.99
-7111;30;4;;;;;;-60;-71.11
-6933;30;4;;;;;;-60;-69.33
-7102;30;4;;;;;;-60;-71.02
-7647;20;4;;;;;;-70;-76.47
-7591;20;4;;;;;;-70;-75.91
-7647;20;4;;;;;;-70;-76.47
-7628;20;4;;;;;;-70;-76.28
-7675;20;4;;;;;;-70;-76.75
-7656;20;4;;;;;;-70;-76.56
-7591;20;4;;;;;;-70;-75.91
-7421;10;4;;;;;;-80;-74.21
-7421;10;4;;;;;;-80;-74.21
-7468;10;4;;;;;;-80;-74.68
-7403;10;4;;;;;;-80;-74.03
-7421;10;4;;;;;;-80;-74.21
-7440;10;4;;;;;;-80;-74.4
-7450;10;4;;;;;;-80;-74.5
-7581;0;4;;;;;;-90;-75.81
-7252;0;4;;;;;;-90;-72.52
-7572;0;4;;;;;;-90;-75.72
-7271;0;4;;;;;;-90;-72.71
-7205;0;4;;;;;;-90;-72.05
-7544;0;4;;;;;;-90;-75.44
-7337;0;4;;;;;;-90;-73.37
-7562;0;4;;;;;;-90;-75.62
-7600;0;4;;;;;;-90;-76
-7280;0;4;;;;;;-90;-72.8
-7290;0;4;;;;;;-90;-72.9
-7534;0;4;;;;;;-90;-75.34
-5866;100;5;;;;;;10;-58.66
-5856;100;5;;;;;;10;-58.56
-5856;100;5;;;;;;10;-58.56
-5847;100;5;;;;;;10;-58.47
-5837;100;5;;;;;;10;-58.37
-5856;100;5;;;;;;10;-58.56
-5889;110;5;;;;;;20;-58.89
-5880;110;5;;;;;;20;-58.8
-5889;110;5;;;;;;20;-58.89
-5880;110;5;;;;;;20;-58.8
-5880;110;5;;;;;;20;-58.8
-5889;110;5;;;;;;20;-58.89
-6124;120;5;;;;;;30;-61.24
-6105;120;5;;;;;;30;-61.05
-6134;120;5;;;;;;30;-61.34
-6087;120;5;;;;;;30;-60.87
-6115;120;5;;;;;;30;-61.15
-6115;120;5;;;;;;30;-61.15
-6383;130;5;;;;;;40;-63.83
-6373;130;5;;;;;;40;-63.73
-6392;130;5;;;;;;40;-63.92
-6392;130;5;;;;;;40;-63.92
-6373;130;5;;;;;;40;-63.73
-6383;130;5;;;;;;40;-63.83
-6632;140;5;;;;;;50;-66.32
-6632;140;5;;;;;;50;-66.32
-6632;140;5;;;;;;50;-66.32
-6613;140;5;;;;;;50;-66.13
-6613;140;5;;;;;;50;-66.13
-6660;140;5;;;;;;50;-66.6
-6651;140;5;;;;;;50;-66.51
-7271;150;5;;;;;;60;-72.71
-7309;150;5;;;;;;60;-73.09
-7215;150;5;;;;;;60;-72.15
-7290;150;5;;;;;;60;-72.9
-7271;150;5;;;;;;60;-72.71
-7252;150;5;;;;;;60;-72.52
-7243;150;5;;;;;;60;-72.43
-5884;80;5;;;;;;-10;-58.84
-5866;80;5;;;;;;-10;-58.66
-5866;80;5;;;;;;-10;-58.66
-5875;80;5;;;;;;-10;-58.75
-5884;80;5;;;;;;-10;-58.84
-5875;80;5;;;;;;-10;-58.75
-5950;70;5;;;;;;-20;-59.5
-5950;70;5;;;;;;-20;-59.5
-5960;70;5;;;;;;-20;-59.6
-5960;70;5;;;;;;-20;-59.6
-5941;70;5;;;;;;-20;-59.41
-5960;70;5;;;;;;-20;-59.6
-5931;70;5;;;;;;-20;-59.31
-6185;60;5;;;;;;-30;-61.85
-6176;60;5;;;;;;-30;-61.76
-6204;60;5;;;;;;-30;-62.04
-6185;60;5;;;;;;-30;-61.85
-6204;60;5;;;;;;-30;-62.04
-6204;60;5;;;;;;-30;-62.04
-6213;60;5;;;;;;-30;-62.13
-6486;50;5;;;;;;-40;-64.86
-6495;50;5;;;;;;-40;-64.95
-6495;50;5;;;;;;-40;-64.95
-6495;50;5;;;;;;-40;-64.95
-6505;50;5;;;;;;-40;-65.05
-6486;50;5;;;;;;-40;-64.86
-6533;50;5;;;;;;-40;-65.33
-6768;40;5;;;;;;-50;-67.68
-6759;40;5;;;;;;-50;-67.59
-6787;40;5;;;;;;-50;-67.87
-6759;40;5;;;;;;-50;-67.59
-6749;40;5;;;;;;-50;-67.49
-6749;40;5;;;;;;-50;-67.49
-7200;30;5;;;;;;-60;-72
-7144;30;5;;;;;;-60;-71.44
-7238;30;5;;;;;;-60;-72.38
-7313;30;5;;;;;;-60;-73.13
-7370;30;5;;;;;;-60;-73.7
-7388;30;5;;;;;;-60;-73.88
-7445;30;5;;;;;;-60;-74.45
-7595;20;5;;;;;;-70;-75.95
-7623;20;5;;;;;;-70;-76.23
-7614;20;5;;;;;;-70;-76.14
-7633;20;5;;;;;;-70;-76.33
-7652;20;5;;;;;;-70;-76.52
-7623;20;5;;;;;;-70;-76.23
-7623;20;5;;;;;;-70;-76.23
-7473;10;5;;;;;;-80;-74.73
-7417;10;5;;;;;;-80;-74.17
-7370;10;5;;;;;;-80;-73.7
-7435;10;5;;;;;;-80;-74.35
-7445;10;5;;;;;;-80;-74.45
-7473;10;5;;;;;;-80;-74.73
-7435;10;5;;;;;;-80;-74.35
-7003;0;5;;;;;;-90;-70.03
-7388;0;5;;;;;;-90;-73.88
-7059;0;5;;;;;;-90;-70.59
-7388;0;5;;;;;;-90;-73.88
-7445;0;5;;;;;;-90;-74.45
-7022;0;5;;;;;;-90;-70.22
-7379;0;5;;;;;;-90;-73.79
-6994;0;5;;;;;;-90;-69.94
-7003;0;5;;;;;;-90;-70.03
-7464;0;5;;;;;;-90;-74.64
-7031;0;5;;;;;;-90;-70.31
-7370;0;5;;;;;;-90;-73.7
-5814;100;6;;;;;;10;-58.14
-5833;100;6;;;;;;10;-58.33
-5814;100;6;;;;;;10;-58.14
-5814;100;6;;;;;;10;-58.14
-5823;100;6;;;;;;10;-58.23
-5842;100;6;;;;;;10;-58.42
-5894;110;6;;;;;;20;-58.94
-5875;110;6;;;;;;20;-58.75
-5884;110;6;;;;;;20;-58.84
-5866;110;6;;;;;;20;-58.66
-5884;110;6;;;;;;20;-58.84
-5884;110;6;;;;;;20;-58.84
-5875;110;6;;;;;;20;-58.75
-6063;120;6;;;;;;30;-60.63
-6063;120;6;;;;;;30;-60.63
-6063;120;6;;;;;;30;-60.63
-6063;120;6;;;;;;30;-60.63
-6063;120;6;;;;;;30;-60.63
-6063;120;6;;;;;;30;-60.63
-6063;120;6;;;;;;30;-60.63
-6336;130;6;;;;;;40;-63.36
-6326;130;6;;;;;;40;-63.26
-6307;130;6;;;;;;40;-63.07
-6336;130;6;;;;;;40;-63.36
-6336;130;6;;;;;;40;-63.36
-6317;130;6;;;;;;40;-63.17
-6688;140;6;;;;;;50;-66.88
-6604;140;6;;;;;;50;-66.04
-6651;140;6;;;;;;50;-66.51
-6669;140;6;;;;;;50;-66.69
-6613;140;6;;;;;;50;-66.13
-6641;140;6;;;;;;50;-66.41
-6613;140;6;;;;;;50;-66.13
-7182;150;6;;;;;;60;-71.82
-7219;150;6;;;;;;60;-72.19
-7163;150;6;;;;;;60;-71.63
-7172;150;6;;;;;;60;-71.72
-7238;150;6;;;;;;60;-72.38
-7182;150;6;;;;;;60;-71.82
-7219;150;6;;;;;;60;-72.19
-5819;80;6;;;;;;-10;-58.19
-5837;80;6;;;;;;-10;-58.37
-5837;80;6;;;;;;-10;-58.37
-5847;80;6;;;;;;-10;-58.47
-5828;80;6;;;;;;-10;-58.28
-5828;80;6;;;;;;-10;-58.28
-5978;70;6;;;;;;-20;-59.78
-5950;70;6;;;;;;-20;-59.5
-5969;70;6;;;;;;-20;-59.69
-5978;70;6;;;;;;-20;-59.78
-5978;70;6;;;;;;-20;-59.78
-5988;70;6;;;;;;-20;-59.88
-6166;60;6;;;;;;-30;-61.66
-6166;60;6;;;;;;-30;-61.66
-6157;60;6;;;;;;-30;-61.57
-6166;60;6;;;;;;-30;-61.66
-6157;60;6;;;;;;-30;-61.57
-6166;60;6;;;;;;-30;-61.66
-6176;60;6;;;;;;-30;-61.76
-6510;50;6;;;;;;-40;-65.1
-6500;50;6;;;;;;-40;-65
-6500;50;6;;;;;;-40;-65
-6528;50;6;;;;;;-40;-65.28
-6538;50;6;;;;;;-40;-65.38
-6510;50;6;;;;;;-40;-65.1
-6886;40;6;;;;;;-50;-68.86
-6886;40;6;;;;;;-50;-68.86
-6895;40;6;;;;;;-50;-68.95
-6876;40;6;;;;;;-50;-68.76
-6895;40;6;;;;;;-50;-68.95
-6886;40;6;;;;;;-50;-68.86
-7793;30;6;;;;;;-60;-77.93
-7717;30;6;;;;;;-60;-77.17
-7811;30;6;;;;;;-60;-78.11
-7811;30;6;;;;;;-60;-78.11
-7793;30;6;;;;;;-60;-77.93
-7727;30;6;;;;;;-60;-77.27
-7774;30;6;;;;;;-60;-77.74
-7558;20;6;;;;;;-70;-75.58
-7595;20;6;;;;;;-70;-75.95
-7633;20;6;;;;;;-70;-76.33
-7576;20;6;;;;;;-70;-75.76
-7576;20;6;;;;;;-70;-75.76
-7652;20;6;;;;;;-70;-76.52
-7595;20;6;;;;;;-70;-75.95
-7450;10;6;;;;;;-80;-74.5
-7478;10;6;;;;;;-80;-74.78
-7468;10;6;;;;;;-80;-74.68
-7431;10;6;;;;;;-80;-74.31
-7459;10;6;;;;;;-80;-74.59
-7412;10;6;;;;;;-80;-74.12
-7628;0;6;;;;;;-90;-76.28
-7186;0;6;;;;;;-90;-71.86
-7158;0;6;;;;;;-90;-71.58
-7139;0;6;;;;;;-90;-71.39
-7553;0;6;;;;;;-90;-75.53
-7139;0;6;;;;;;-90;-71.39
-7196;0;6;;;;;;-90;-71.96
-7591;0;6;;;;;;-90;-75.91
-5847;100;7;;;;;;10;-58.47
-5837;100;7;;;;;;10;-58.37
-5837;100;7;;;;;;10;-58.37
-5837;100;7;;;;;;10;-58.37
-5847;100;7;;;;;;10;-58.47
-5866;100;7;;;;;;10;-58.66
-5861;110;7;;;;;;20;-58.61
-5870;110;7;;;;;;20;-58.7
-5870;110;7;;;;;;20;-58.7
-5852;110;7;;;;;;20;-58.52
-5880;110;7;;;;;;20;-58.8
-5889;110;7;;;;;;20;-58.89
-6011;120;7;;;;;;30;-60.11
-6021;120;7;;;;;;30;-60.21
-6040;120;7;;;;;;30;-60.4
-6021;120;7;;;;;;30;-60.21
-6011;120;7;;;;;;30;-60.11
-6040;120;7;;;;;;30;-60.4
-6030;120;7;;;;;;30;-60.3
-6383;130;7;;;;;;40;-63.83
-6364;130;7;;;;;;40;-63.64
-6345;130;7;;;;;;40;-63.45
-6354;130;7;;;;;;40;-63.54
-6373;130;7;;;;;;40;-63.73
-6373;130;7;;;;;;40;-63.73
-6373;130;7;;;;;;40;-63.73
-6660;140;7;;;;;;50;-66.6
-6688;140;7;;;;;;50;-66.88
-6660;140;7;;;;;;50;-66.6
-6707;140;7;;;;;;50;-67.07
-6679;140;7;;;;;;50;-66.79
-6669;140;7;;;;;;50;-66.69
-7215;150;7;;;;;;60;-72.15
-7205;150;7;;;;;;60;-72.05
-7215;150;7;;;;;;60;-72.15
-7224;150;7;;;;;;60;-72.24
-7224;150;7;;;;;;60;-72.24
-7205;150;7;;;;;;60;-72.05
-7224;150;7;;;;;;60;-72.24
-5823;80;7;;;;;;-10;-58.23
-5852;80;7;;;;;;-10;-58.52
-5833;80;7;;;;;;-10;-58.33
-5833;80;7;;;;;;-10;-58.33
-5852;80;7;;;;;;-10;-58.52
-5842;80;7;;;;;;-10;-58.42
-5870;80;7;;;;;;-10;-58.7
-5988;70;7;;;;;;-20;-59.88
-6007;70;7;;;;;;-20;-60.07
-5988;70;7;;;;;;-20;-59.88
-5988;70;7;;;;;;-20;-59.88
-5997;70;7;;;;;;-20;-59.97
-5988;70;7;;;;;;-20;-59.88
-5997;70;7;;;;;;-20;-59.97
-6242;60;7;;;;;;-30;-62.42
-6242;60;7;;;;;;-30;-62.42
-6232;60;7;;;;;;-30;-62.32
-6213;60;7;;;;;;-30;-62.13
-6223;60;7;;;;;;-30;-62.23
-6213;60;7;;;;;;-30;-62.13
-6533;50;7;;;;;;-40;-65.33
-6533;50;7;;;;;;-40;-65.33
-6561;50;7;;;;;;-40;-65.61
-6542;50;7;;;;;;-40;-65.42
-6505;50;7;;;;;;-40;-65.05
-6552;50;7;;;;;;-40;-65.52
-6542;50;7;;;;;;-40;-65.42
-6876;40;7;;;;;;-50;-68.76
-6867;40;7;;;;;;-50;-68.67
-6904;40;7;;;;;;-50;-69.04
-6857;40;7;;;;;;-50;-68.57
-6867;40;7;;;;;;-50;-68.67
-6848;40;7;;;;;;-50;-68.48
-6876;40;7;;;;;;-50;-68.76
-7595;30;7;;;;;;-60;-75.95
-7652;30;7;;;;;;-60;-76.52
-7652;30;7;;;;;;-60;-76.52
-7567;30;7;;;;;;-60;-75.67
-7802;30;7;;;;;;-60;-78.02
-7539;30;7;;;;;;-60;-75.39
-7736;30;7;;;;;;-60;-77.36
-7586;20;7;;;;;;-70;-75.86
-7652;20;7;;;;;;-70;-76.52
-7670;20;7;;;;;;-70;-76.7
-7605;20;7;;;;;;-70;-76.05
-7595;20;7;;;;;;-70;-75.95
-7558;20;7;;;;;;-70;-75.58
-7294;10;7;;;;;;-80;-72.94
-7323;10;7;;;;;;-80;-73.23
-7351;10;7;;;;;;-80;-73.51
-7351;10;7;;;;;;-80;-73.51
-7323;10;7;;;;;;-80;-73.23
-7323;10;7;;;;;;-80;-73.23
-7233;0;7;;;;;;-90;-72.33
-7459;0;7;;;;;;-90;-74.59
-7243;0;7;;;;;;-90;-72.43
-7487;0;7;;;;;;-90;-74.87
-7262;0;7;;;;;;-90;-72.62
-7497;0;7;;;;;;-90;-74.97
-7544;0;7;;;;;;-90;-75.44
-7224;0;7;;;;;;-90;-72.24
-7497;0;7;;;;;;-90;-74.97
-7224;0;7;;;;;;-90;-72.24
-7196;0;7;;;;;;-90;-71.96
-7487;0;7;;;;;;-90;-74.87
-5781;100;8;;;;;;10;-57.81
-5800;100;8;;;;;;10;-58
-5781;100;8;;;;;;10;-57.81
-5781;100;8;;;;;;10;-57.81
-5790;100;8;;;;;;10;-57.9
-5790;100;8;;;;;;10;-57.9
-5870;110;8;;;;;;20;-58.7
-5880;110;8;;;;;;20;-58.8
-5870;110;8;;;;;;20;-58.7
-5880;110;8;;;;;;20;-58.8
-5889;110;8;;;;;;20;-58.89
-5880;110;8;;;;;;20;-58.8
-6021;120;8;;;;;;30;-60.21
-6030;120;8;;;;;;30;-60.3
-6049;120;8;;;;;;30;-60.49
-6030;120;8;;;;;;30;-60.3
-6058;120;8;;;;;;30;-60.58
-6040;120;8;;;;;;30;-60.4
-6312;130;8;;;;;;40;-63.12
-6312;130;8;;;;;;40;-63.12
-6322;130;8;;;;;;40;-63.22
-6350;130;8;;;;;;40;-63.5
-6322;130;8;;;;;;40;-63.22
-6303;130;8;;;;;;40;-63.03
-6665;140;8;;;;;;50;-66.65
-6712;140;8;;;;;;50;-67.12
-6683;140;8;;;;;;50;-66.83
-6693;140;8;;;;;;50;-66.93
-6702;140;8;;;;;;50;-67.02
-6712;140;8;;;;;;50;-67.12
-7266;150;8;;;;;;60;-72.66
-7200;150;8;;;;;;60;-72
-7276;150;8;;;;;;60;-72.76
-7219;150;8;;;;;;60;-72.19
-7200;150;8;;;;;;60;-72
-7200;150;8;;;;;;60;-72
-7266;150;8;;;;;;60;-72.66
-5842;80;8;;;;;;-10;-58.42
-5870;80;8;;;;;;-10;-58.7
-5870;80;8;;;;;;-10;-58.7
-5842;80;8;;;;;;-10;-58.42
-5861;80;8;;;;;;-10;-58.61
-5833;80;8;;;;;;-10;-58.33
-5997;70;8;;;;;;-20;-59.97
-5997;70;8;;;;;;-20;-59.97
-5978;70;8;;;;;;-20;-59.78
-5997;70;8;;;;;;-20;-59.97
-5997;70;8;;;;;;-20;-59.97
-5988;70;8;;;;;;-20;-59.88
-5988;70;8;;;;;;-20;-59.88
-6237;60;8;;;;;;-30;-62.37
-6218;60;8;;;;;;-30;-62.18
-6218;60;8;;;;;;-30;-62.18
-6237;60;8;;;;;;-30;-62.37
-6218;60;8;;;;;;-30;-62.18
-6199;60;8;;;;;;-30;-61.99
-6218;60;8;;;;;;-30;-62.18
-6547;50;8;;;;;;-40;-65.47
-6528;50;8;;;;;;-40;-65.28
-6500;50;8;;;;;;-40;-65
-6557;50;8;;;;;;-40;-65.57
-6510;50;8;;;;;;-40;-65.1
-6519;50;8;;;;;;-40;-65.19
-6904;40;8;;;;;;-50;-69.04
-6951;40;8;;;;;;-50;-69.51
-6970;40;8;;;;;;-50;-69.7
-6951;40;8;;;;;;-50;-69.51
-6961;40;8;;;;;;-50;-69.61
-6951;40;8;;;;;;-50;-69.51
-6970;40;8;;;;;;-50;-69.7
-7412;30;8;;;;;;-60;-74.12
-7403;30;8;;;;;;-60;-74.03
-7393;30;8;;;;;;-60;-73.93
-7421;30;8;;;;;;-60;-74.21
-7497;30;8;;;;;;-60;-74.97
-7468;30;8;;;;;;-60;-74.68
-7421;30;8;;;;;;-60;-74.21
-7365;20;8;;;;;;-70;-73.65
-7290;20;8;;;;;;-70;-72.9
-7318;20;8;;;;;;-70;-73.18
-7262;20;8;;;;;;-70;-72.62
-7252;20;8;;;;;;-70;-72.52
-7290;20;8;;;;;;-70;-72.9
-7280;20;8;;;;;;-70;-72.8
-7168;10;8;;;;;;-80;-71.68
-7186;10;8;;;;;;-80;-71.86
-7224;10;8;;;;;;-80;-72.24
-7233;10;8;;;;;;-80;-72.33
-7271;10;8;;;;;;-80;-72.71
-7280;10;8;;;;;;-80;-72.8
-7318;10;8;;;;;;-80;-73.18
-7182;0;8;;;;;;-90;-71.82
-7257;0;8;;;;;;-90;-72.57
-7276;0;8;;;;;;-90;-72.76
-7144;0;8;;;;;;-90;-71.44
-7266;0;8;;;;;;-90;-72.66
-7097;0;8;;;;;;-90;-70.97
-7313;0;8;;;;;;-90;-73.13
-7097;0;8;;;;;;-90;-70.97
-7313;0;8;;;;;;-90;-73.13
-7050;0;8;;;;;;-90;-70.5
-7097;0;8;;;;;;-90;-70.97
-7304;0;8;;;;;;-90;-73.04
-5823;100;9;;;;;;10;-58.23
-5842;100;9;;;;;;10;-58.42
-5814;100;9;;;;;;10;-58.14
-5833;100;9;;;;;;10;-58.33
-5823;100;9;;;;;;10;-58.23
-5823;100;9;;;;;;10;-58.23
-5922;110;9;;;;;;20;-59.22
-5931;110;9;;;;;;20;-59.31
-5903;110;9;;;;;;20;-59.03
-5913;110;9;;;;;;20;-59.13
-5922;110;9;;;;;;20;-59.22
-5931;110;9;;;;;;20;-59.31
-5931;110;9;;;;;;20;-59.31
-6011;120;9;;;;;;30;-60.11
-6011;120;9;;;;;;30;-60.11
-6040;120;9;;;;;;30;-60.4
-6030;120;9;;;;;;30;-60.3
-6030;120;9;;;;;;30;-60.3
-6040;120;9;;;;;;30;-60.4
-6030;120;9;;;;;;30;-60.3
-6331;130;9;;;;;;40;-63.31
-6340;130;9;;;;;;40;-63.4
-6322;130;9;;;;;;40;-63.22
-6340;130;9;;;;;;40;-63.4
-6331;130;9;;;;;;40;-63.31
-6340;130;9;;;;;;40;-63.4
-6322;130;9;;;;;;40;-63.22
-6608;140;9;;;;;;50;-66.08
-6636;140;9;;;;;;50;-66.36
-6636;140;9;;;;;;50;-66.36
-6608;140;9;;;;;;50;-66.08
-6618;140;9;;;;;;50;-66.18
-6580;140;9;;;;;;50;-65.8
-7294;150;9;;;;;;60;-72.94
-7238;150;9;;;;;;60;-72.38
-7144;150;9;;;;;;60;-71.44
-7285;150;9;;;;;;60;-72.85
-7182;150;9;;;;;;60;-71.82
-7276;150;9;;;;;;60;-72.76
-5842;80;9;;;;;;-10;-58.42
-5842;80;9;;;;;;-10;-58.42
-5852;80;9;;;;;;-10;-58.52
-5870;80;9;;;;;;-10;-58.7
-5861;80;9;;;;;;-10;-58.61
-5861;80;9;;;;;;-10;-58.61
-6035;70;9;;;;;;-20;-60.35
-6007;70;9;;;;;;-20;-60.07
-6007;70;9;;;;;;-20;-60.07
-5997;70;9;;;;;;-20;-59.97
-6007;70;9;;;;;;-20;-60.07
-6007;70;9;;;;;;-20;-60.07
-5997;70;9;;;;;;-20;-59.97
-6171;60;9;;;;;;-30;-61.71
-6181;60;9;;;;;;-30;-61.81
-6152;60;9;;;;;;-30;-61.52
-6143;60;9;;;;;;-30;-61.43
-6190;60;9;;;;;;-30;-61.9
-6171;60;9;;;;;;-30;-61.71
-6181;60;9;;;;;;-30;-61.81
-6500;50;9;;;;;;-40;-65
-6500;50;9;;;;;;-40;-65
-6491;50;9;;;;;;-40;-64.91
-6481;50;9;;;;;;-40;-64.81
-6519;50;9;;;;;;-40;-65.19
-6500;50;9;;;;;;-40;-65
-6914;40;9;;;;;;-50;-69.14
-6923;40;9;;;;;;-50;-69.23
-6933;40;9;;;;;;-50;-69.33
-6951;40;9;;;;;;-50;-69.51
-6942;40;9;;;;;;-50;-69.42
-6951;40;9;;;;;;-50;-69.51
-7327;30;9;;;;;;-60;-73.27
-7243;30;9;;;;;;-60;-72.43
-7374;30;9;;;;;;-60;-73.74
-7290;30;9;;;;;;-60;-72.9
-7356;30;9;;;;;;-60;-73.56
-7337;30;9;;;;;;-60;-73.37
-6890;20;9;;;;;;-70;-68.9
-6881;20;9;;;;;;-70;-68.81
-6871;20;9;;;;;;-70;-68.71
-6909;20;9;;;;;;-70;-69.09
-6881;20;9;;;;;;-70;-68.81
-6900;20;9;;;;;;-70;-69
-6890;20;9;;;;;;-70;-68.9
-7548;10;9;;;;;;-80;-75.48
-7586;10;9;;;;;;-80;-75.86
-7595;10;9;;;;;;-80;-75.95
-7539;10;9;;;;;;-80;-75.39
-7558;10;9;;;;;;-80;-75.58
-7576;10;9;;;;;;-80;-75.76
-7539;10;9;;;;;;-80;-75.39
-7163;0;9;;;;;;-90;-71.63
-7445;0;9;;;;;;-90;-74.45
-7464;0;9;;;;;;-90;-74.64
-7182;0;9;;;;;;-90;-71.82
-7445;0;9;;;;;;-90;-74.45
-7144;0;9;;;;;;-90;-71.44
-7163;0;9;;;;;;-90;-71.63
-7473;0;9;;;;;;-90;-74.73
-5772;100;10;;;;;;10;-57.72
-5772;100;10;;;;;;10;-57.72
-5800;100;10;;;;;;10;-58
-5800;100;10;;;;;;10;-58
-5809;100;10;;;;;;10;-58.09
-5790;100;10;;;;;;10;-57.9
-5917;110;10;;;;;;20;-59.17
-5927;110;10;;;;;;20;-59.27
-5917;110;10;;;;;;20;-59.17
-5927;110;10;;;;;;20;-59.27
-5927;110;10;;;;;;20;-59.27
-5936;110;10;;;;;;20;-59.36
-5927;110;10;;;;;;20;-59.27
-6049;120;10;;;;;;30;-60.49
-6058;120;10;;;;;;30;-60.58
-6049;120;10;;;;;;30;-60.49
-6058;120;10;;;;;;30;-60.58
-6049;120;10;;;;;;30;-60.49
-6087;120;10;;;;;;30;-60.87
-6058;120;10;;;;;;30;-60.58
-6336;130;10;;;;;;40;-63.36
-6326;130;10;;;;;;40;-63.26
-6354;130;10;;;;;;40;-63.54
-6364;130;10;;;;;;40;-63.64
-6336;130;10;;;;;;40;-63.36
-6354;130;10;;;;;;40;-63.54
-6354;130;10;;;;;;40;-63.54
-6698;140;10;;;;;;50;-66.98
-6679;140;10;;;;;;50;-66.79
-6688;140;10;;;;;;50;-66.88
-6726;140;10;;;;;;50;-67.26
-6679;140;10;;;;;;50;-66.79
-6716;140;10;;;;;;50;-67.16
-7285;150;10;;;;;;60;-72.85
-7257;150;10;;;;;;60;-72.57
-7210;150;10;;;;;;60;-72.1
-7219;150;10;;;;;;60;-72.19
-7229;150;10;;;;;;60;-72.29
-7304;150;10;;;;;;60;-73.04
-5819;80;10;;;;;;-10;-58.19
-5819;80;10;;;;;;-10;-58.19
-5828;80;10;;;;;;-10;-58.28
-5837;80;10;;;;;;-10;-58.37
-5819;80;10;;;;;;-10;-58.19
-5809;80;10;;;;;;-10;-58.09
-5837;80;10;;;;;;-10;-58.37
-6007;70;10;;;;;;-20;-60.07
-5997;70;10;;;;;;-20;-59.97
-5988;70;10;;;;;;-20;-59.88
-5988;70;10;;;;;;-20;-59.88
-5978;70;10;;;;;;-20;-59.78
-6016;70;10;;;;;;-20;-60.16
-6223;60;10;;;;;;-30;-62.23
-6251;60;10;;;;;;-30;-62.51
-6242;60;10;;;;;;-30;-62.42
-6232;60;10;;;;;;-30;-62.32
-6232;60;10;;;;;;-30;-62.32
-6260;60;10;;;;;;-30;-62.6
-6491;50;10;;;;;;-40;-64.91
-6472;50;10;;;;;;-40;-64.72
-6491;50;10;;;;;;-40;-64.91
-6481;50;10;;;;;;-40;-64.81
-6519;50;10;;;;;;-40;-65.19
-6500;50;10;;;;;;-40;-65
-6481;50;10;;;;;;-40;-64.81
-6994;40;10;;;;;;-50;-69.94
-6994;40;10;;;;;;-50;-69.94
-6994;40;10;;;;;;-50;-69.94
-7031;40;10;;;;;;-50;-70.31
-7012;40;10;;;;;;-50;-70.12
-6994;40;10;;;;;;-50;-69.94
-7022;40;10;;;;;;-50;-70.22
-7262;30;10;;;;;;-60;-72.62
-7280;30;10;;;;;;-60;-72.8
-7346;30;10;;;;;;-60;-73.46
-7224;30;10;;;;;;-60;-72.24
-7149;30;10;;;;;;-60;-71.49
-7215;30;10;;;;;;-60;-72.15
-6928;20;10;;;;;;-70;-69.28
-6947;20;10;;;;;;-70;-69.47
-6918;20;10;;;;;;-70;-69.18
-6890;20;10;;;;;;-70;-68.9
-6947;20;10;;;;;;-70;-69.47
-6918;20;10;;;;;;-70;-69.18
-6937;20;10;;;;;;-70;-69.37
-7708;10;10;;;;;;-80;-77.08
-7793;10;10;;;;;;-80;-77.93
-7858;10;10;;;;;;-80;-78.58
-7802;10;10;;;;;;-80;-78.02
-7783;10;10;;;;;;-80;-77.83
-7699;10;10;;;;;;-80;-76.99
-7764;10;10;;;;;;-80;-77.64
-7257;0;10;;;;;;-90;-72.57
-7529;0;10;;;;;;-90;-75.29
-7492;0;10;;;;;;-90;-74.92
-7172;0;10;;;;;;-90;-71.72
-7219;0;10;;;;;;-90;-72.19
-7482;0;10;;;;;;-90;-74.82
-7539;0;10;;;;;;-90;-75.39
-7266;0;10;;;;;;-90;-72.66
-7247;0;10;;;;;;-90;-72.47
-7501;0;10;;;;;;-90;-75.01
-7464;0;10;;;;;;-90;-74.64
-7247;0;10;;;;;;-90;-72.47
-5805;90;1;;;;;;0;-58.05
-5776;90;1;;;;;;0;-57.76
-5786;90;1;;;;;;0;-57.86
-5795;90;1;;;;;;0;-57.95
-5776;90;1;;;;;;0;-57.76
-5795;90;1;;;;;;0;-57.95
-5795;90;1;;;;;;0;-57.95
-5748;90;2;;;;;;0;-57.48
-5739;90;2;;;;;;0;-57.39
-5758;90;2;;;;;;0;-57.58
-5758;90;2;;;;;;0;-57.58
-5748;90;2;;;;;;0;-57.48
-5748;90;2;;;;;;0;-57.48
-5819;90;3;;;;;;0;-58.19
-5828;90;3;;;;;;0;-58.28
-5819;90;3;;;;;;0;-58.19
-5819;90;3;;;;;;0;-58.19
-5819;90;3;;;;;;0;-58.19
-5819;90;3;;;;;;0;-58.19
-5814;90;4;;;;;;0;-58.14
-5814;90;4;;;;;;0;-58.14
-5814;90;4;;;;;;0;-58.14
-5814;90;4;;;;;;0;-58.14
-5805;90;4;;;;;;0;-58.05
-5823;90;4;;;;;;0;-58.23
-5823;90;4;;;;;;0;-58.23
-5795;90;5;;;;;;0;-57.95
-5814;90;5;;;;;;0;-58.14
-5795;90;5;;;;;;0;-57.95
-5795;90;5;;;;;;0;-57.95
-5814;90;5;;;;;;0;-58.14
-5814;90;5;;;;;;0;-58.14
-5805;90;6;;;;;;0;-58.05
-5786;90;6;;;;;;0;-57.86
-5786;90;6;;;;;;0;-57.86
-5805;90;6;;;;;;0;-58.05
-5795;90;6;;;;;;0;-57.95
-5795;90;6;;;;;;0;-57.95
-5823;90;6;;;;;;0;-58.23
-5739;90;7;;;;;;0;-57.39
-5758;90;7;;;;;;0;-57.58
-5739;90;7;;;;;;0;-57.39
-5748;90;7;;;;;;0;-57.48
-5758;90;7;;;;;;0;-57.58
-5758;90;7;;;;;;0;-57.58
-5790;90;8;;;;;;0;-57.9
-5772;90;8;;;;;;0;-57.72
-5772;90;8;;;;;;0;-57.72
-5800;90;8;;;;;;0;-58
-5781;90;8;;;;;;0;-57.81
-5781;90;8;;;;;;0;-57.81
-5758;90;9;;;;;;0;-57.58
-5767;90;9;;;;;;0;-57.67
-5776;90;9;;;;;;0;-57.76
-5776;90;9;;;;;;0;-57.76
-5767;90;9;;;;;;0;-57.67
-5767;90;9;;;;;;0;-57.67
-5706;90;10;;;;;;0;-57.06
-5725;90;10;;;;;;0;-57.25
-5715;90;10;;;;;;0;-57.15
-5725;90;10;;;;;;0;-57.25
-5715;90;10;;;;;;0;-57.15
-5734;90;10;;;;;;0;-57.34
-5734;90;10;;;;;;0;-57.34
